phage_name,genome_length_bp,,
OK665488.1,73308,,
OL343755.1,91108,,
OL441337.1,45938,,
OL473897.1,91015,,
OL519842.1,73885,,
OL519844.1,73167,,
OL597541.1,3916,,
OL597542.1,2858,,
OL597543.1,2611,,
OL597544.1,2572,,
OL597545.1,2174,,
OL597546.1,1946,,
OL597547.1,1747,,
OL597548.1,1684,,
OL597549.1,1521,,
OL597550.1,1490,,
OL597551.1,1333,,
OL597552.1,1258,,
OL597553.1,1160,,
OL597554.1,1053,,
OL597555.1,1017,,
OL597556.1,977,,
OL597557.1,898,,
OL597558.1,848,,
OL597559.1,794,,
OL597560.1,748,,
OL597561.1,743,,
OL597562.1,720,,
OL597563.1,701,,
OL597564.1,563,,
OL597565.1,531,,
OL597566.1,505,,
OL597567.1,501,,
OL597568.1,470,,
OL597569.1,470,,
OL597570.1,465,,
OL597571.1,445,,
OL597572.1,436,,
OL597573.1,435,,
OL597574.1,430,,
OL597575.1,425,,
OL597576.1,414,,
OL597577.1,413,,
OL597578.1,400,,
OL597579.1,397,,
OL597580.1,396,,
OL597581.1,395,,
OL597582.1,392,,
OL597583.1,388,,
OL597584.1,381,,
OL597585.1,375,,
OL597586.1,375,,
OL597587.1,373,,
OL597588.1,370,,
OL597589.1,368,,
OL597590.1,368,,
OL622073.1,91079,,
OL754588.1,65466,,
OL754589.1,42925,,
OM141125.2,54250,,
OM234791.1,42880,,
OM234792.1,72330,,
OM234793.1,42910,,
OM421595.1,88451,,
OM541307.1,37311,,
OM718002.1,282824,,
OM782452.1,74200,,
OM870967.1,88705,,
OM870968.1,87887,,
OM870969.1,92710,,
OM870970.1,92515,,
ON012642.1,1284,,
ON169972.1,94775,,
ON524861.1,87852,,
ON524862.1,87887,,
ON524863.1,87887,,
ON524864.1,87823,,
ON524865.1,88115,,
ON524866.1,87771,,
ON524867.1,87753,,
ON524868.1,88394,,
ON524869.1,88446,,
ON524870.1,88096,,
ON529291.1,66310,,
ON653033.1,88083,,
ON653035.1,66255,,
ON843697.1,49960,,
OP292288.1,42721,,
OP310970.1,66160,,
OP310971.1,66628,,
OP310972.1,66622,,
OP310973.1,66622,,
OP310974.1,66420,,
OP310975.1,66426,,
OP310976.1,66028,,
OP310977.1,62448,,
OP310978.1,66502,,
OP310979.1,65527,,
OP310980.1,66393,,
OP310981.1,66393,,
OP310982.1,66600,,
OP310983.1,278796,,
OP310984.1,277192,,
OP314870.1,67075,,
OP314871.1,67075,,
OP314872.1,66019,,
OP329100.1,37343,,
OP342787.1,45217,,
OP422637.1,42828,,
OP599913.1,212224,,
OP627531.1,92892,,
OP709960.1,41186,,
OP784575.1,93031,,
OP784576.1,57911,,
OP793496.1,45458,,
OP953026.1,280431,,
OP957382.1,66450,,
OQ067609.1,66230,,
OQ067610.1,45369,,
OQ134474.1,72283,,
OQ164637.1,92114,,
OQ200059.1,91901,,
OQ210007.1,91920,,
OQ210008.1,91095,,
OQ225162.1,92835,,
OQ225163.1,92420,,
OQ259603.1,42567,,
OQ319036.1,42566,,
OQ319930.1,42999,,
OQ319931.1,43217,,
OQ319932.1,65780,,
OQ319933.1,90869,,
OQ319934.1,44725,,
OQ319935.1,66162,,
OQ319936.1,91543,,
OQ319937.1,91130,,
OQ319938.1,62357,,
OQ354711.1,7205,,
OQ378339.1,73402,,
OQ383211.1,94715,,
OQ411628.1,93922,,
OQ412632.1,43237,,
OQ428192.1,66071,,
OQ555403.1,50051,,
OQ572403.1,95804,,
OQ572404.1,14275,,
OQ572405.1,24337,,
OQ572406.1,29732,,
OQ572407.1,92602,,
OQ572408.1,42621,,
OQ572409.1,22612,,
OQ572410.1,27449,,
OQ572411.1,66750,,
OQ572412.1,67807,,
OQ572413.1,61283,,
OQ572414.1,67314,,
OQ572415.1,20550,,
OQ594965.1,65209,,
OQ652145.1,43446,,
OQ658363.1,19946,,
OQ658364.1,59556,,
OQ658365.1,61975,,
OQ658366.1,18475,,
OQ658367.1,43074,,
OQ658368.1,40926,,
OQ658369.1,39587,,
OQ743452.1,72179,,
OQ791220.1,72179,,
OQ831729.1,66591,,
OQ831730.1,65597,,
OQ848593.1,73369,,
OQ850183.1,94660,,
OQ872152.1,66197,,
OQ884027.1,65696,,
OQ921398.1,90516,,
OQ925957.1,65622,,
OQ992204.1,72187,,
OQ992205.1,72060,,
OQ992551.1,45509,,
OQ992552.1,65845,,
OQ992553.1,61543,,
OQ992554.1,91698,,
OQ992555.1,65864,,
OQ992556.1,65863,,
OQ992557.1,61365,,
OQ992559.1,71977,,
OQ992560.1,66107,,
OQ992561.1,278927,,
OQ992562.1,280316,,
OR067381.1,16449,,
OR075999.1,66392,,
OR142618.1,286854,,
OR188718.1,42384,,
OR188719.1,41628,,
OR188720.1,38820,,
OR228460.1,277803,,
OR237807.1,72098,,
OR238910.1,43245,,
OR255951.1,66147,,
OR351070.1,44821,,
OR424355.1,73182,,
OR436899.1,65772,,
OR472559.1,46021,,
OR509539.1,72635,,
OR577172.1,61282,,
OR589135.1,58217,,
OR594342.1,42679,,
OR604635.1,42609,,
OR608733.1,277851,,
OR608734.1,277851,,
OR608735.1,277488,,
OR608736.1,277590,,
OR611941.1,66514,,
OR621019.1,7101,,
OR621020.1,7418,,
OR621021.1,13193,,
OR621022.1,12602,,
OR621023.1,6654,,
OR621024.1,13538,,
OR621025.1,7182,,
OR683400.1,38819,,
OR683401.1,38458,,
OR683402.1,37990,,
OR683403.1,36566,,
OR683404.1,50033,,
OR683405.1,44613,,
OR683406.1,51941,,
OR683407.1,36609,,
OR683408.1,48846,,
OR683409.1,44124,,
OR683410.1,36945,,
OR683411.1,40334,,
OR683412.1,42092,,
OR683413.1,38722,,
OR689712.1,43757,,
OR714918.1,43091,,
OR733342.1,43140,,
OR790968.1,13430,,
OR790969.1,13720,,
OR801191.1,12443,,
OR801192.1,11914,,
OR818368.1,14433,,
OR818369.1,10911,,
OR858750.1,93182,,
OR863245.1,12311,,
OR863246.1,10211,,
OR863247.1,11376,,
OR863248.1,12922,,
OR863249.1,11915,,
OR863250.1,11557,,
OR941786.1,43366,,
OR941787.1,92793,,
OR941788.1,73972,,
OR962153.1,65881,,
OR988063.1,72480,,
PP003913.1,16187,,
PP003914.1,45121,,
PP003915.1,38612,,
PP003916.1,36361,,
PP003917.1,40413,,
PP003918.1,43556,,
PP003919.1,57842,,
PP003920.1,41111,,
PP003921.1,49733,,
PP003922.1,10183,,
PP003923.1,39029,,
PP054054.1,73400,,
PP056739.1,76067,,
PP058144.1,13600,,
PP067092.1,50602,,
PP083311.1,54834,,
PP083312.1,87746,,
PP100125.1,71972,,
PP107937.1,72127,,
PP280814.1,45390,,
PP314035.1,65906,,
PP456877.1,280231,,
PP456878.1,278921,,
PP456879.1,280173,,
PP485037.1,59507,,
PP501790.1,43426,,
PP501791.1,43406,,
PP501792.1,43118,,
PP504668.1,66281,,
PP541513.1,94298,,
PP573285.1,45276,,
PP645330.1,45801,,
PP661415.1,61452,,
PP661416.1,61753,,
PP661417.1,62260,,
PP661418.1,60940,,
PP735386.1,62345,,
PP760143.1,61933,,
PP766722.1,45595,,
PP766723.1,92288,,
PP783813.1,589,,
PP783814.1,582,,
PP783815.1,593,,
PP783816.1,583,,
PP783817.1,592,,
PP793740.1,278840,,
PP836134.1,42769,,
PP836135.1,93990,,
PP836136.1,93636,,
PP836137.1,38068,,
PP869205.1,94141,,
PP910332.1,65693,,
PP910670.1,73162,,
PP916316.1,65726,,
PP916317.1,66242,,
PP916318.1,45250,,
PP916319.1,60453,,
PP920558.1,59433,,
PP931173.1,56901,,
PP931175.1,57971,,
PP931176.1,67298,,
PP931177.1,51201,,
PP931178.1,45045,,
PP949967.1,45228,,
PP968062.1,302719,,
PP977449.1,66122,,
PP977450.1,66189,,
PP977451.1,66177,,
PP977452.1,65375,,
PP977453.1,66726,,
PP977454.1,66230,,
PP977455.1,64146,,
PP977456.1,65886,,
PP977457.1,66014,,
PP977458.1,66064,,
PP977459.1,87746,,
PP977460.1,72181,,
PP977461.1,72043,,
PP987475.1,65139,,
PP992516.1,41947,,
PQ030834.1,56471,,
PQ144888.1,7067,,
PQ144889.1,61864,,
PQ213798.1,55845,,
PQ227241.1,276114,,
PQ261042.1,72362,,
PQ276738.1,72998,,
PQ287640.1,30201,,
PQ287641.1,76435,,
PQ287642.1,302096,,
PQ287643.1,39388,,
PQ287644.1,211703,,
PQ287645.1,73570,,
PQ287646.1,45067,,
PQ287648.1,45203,,
PQ287649.1,210836,,
PQ287650.1,42934,,
PQ287651.1,88677,,
PQ287652.1,64057,,
PQ287653.1,50031,,
PQ287654.1,72430,,
PQ287655.1,93178,,
PQ288046.1,96114,,
PQ349086.1,39536,,
PQ349087.1,40244,,
PQ415073.1,37572,,
PQ415074.1,64144,,
PQ417133.1,66340,,
PQ429081.1,92031,,
PQ474311.1,66162,,
PQ474312.1,66785,,
PQ492277.1,43176,,
PQ492278.1,66333,,
PQ510338.1,43585,,
PQ510339.1,43155,,
PQ510340.1,43108,,
PQ510341.1,43252,,
PQ510345.1,43155,,
PQ510349.1,43153,,
PQ510353.1,43155,,
PQ510357.1,43155,,
PQ510358.1,43155,,
PQ510359.1,43155,,
PQ562891.1,43567,,
PQ567101.1,64609,,
PQ621116.1,42348,,
PQ628080.1,43541,,
PQ628237.1,55925,,
PQ632788.1,53253,,
PQ641084.1,43816,,
PQ641245.1,66402,,
PQ656807.1,92443,,
PQ676539.1,45487,,
PQ738200.1,56955,,
PQ741025.1,62430,,
PQ741806.1,278406,,
PQ758385.1,277589,,
PQ758386.1,277689,,
PQ758387.1,92229,,
PQ758388.1,59238,,
PQ758389.1,56378,,
PQ758390.1,37128,,
PQ758391.1,7259,,
PQ758392.1,36937,,
PQ758393.1,43042,,
PQ758394.1,30228,,
PQ788408.1,46815,,
PQ790658.1,45276,,
PQ790659.1,45649,,
PQ790660.1,44700,,
PQ790661.1,44700,,
PQ790662.1,66368,,
PQ798946.1,66235,,
PQ859842.1,124075,,
PQ859843.1,43130,,
PQ859844.1,92971,,
PQ879543.1,42782,,
PV029745.1,300578,,
PV029746.1,56919,,
PV036882.1,45622,,
PV036883.1,45077,,
PV105456.1,92186,,
PV112476.1,41592,,
PV173770.1,52373,,
PV189959.1,66201,,
PV189960.1,66201,,
PV239779.1,42815,,
PV243670.1,45347,,
PV268491.1,42589,,
PV268492.1,72073,,
PV296013.1,10606,,
PV296014.1,10302,,
PV296015.1,7205,,
PV357750.1,66492,,
PV400809.1,209698,,
PV400810.1,209698,,
PV425003.1,67365,,
PV446632.1,176192,,
PV446636.1,44157,,
PV464114.1,65883,,
PV464115.1,65886,,
PV464116.1,92882,,
PV469326.1,72677,,
PV472050.1,209813,,
PV521973.1,45483,,
PV539787.1,44989,,
PV539788.1,73203,,
PV565004.1,45485,,
PV565005.1,43895,,
PV565006.1,43730,,
PV565007.1,43971,,
PV565008.1,277582,,
PV574404.1,92798,,
PV574405.1,92798,,
PV574406.1,92799,,
PV596763.1,58554,,
PV610699.1,43335,,
PV615265.1,44059,,
PV641621.1,43430,,
PV641624.1,45657,,
PV641625.1,42880,,
PV641718.1,66366,,
PV654520.1,142418,,
PV658496.1,39552,,
PV664360.1,94579,,
PV664361.1,44746,,
PV685962.1,58501,,
PV730305.1,45754,,
PV733668.1,88129,,
PV752213.1,92293,,
PV752214.1,43346,,
PV752215.1,43346,,
PV752216.1,43346,,
PV754031.1,278381,,
PV759139.1,21534,,
PV764647.1,93413,,
PV764939.1,73477,,
PV786137.1,43381,,
PV800129.1,94410,,
PV844354.1,57133,,
PV844377.1,43226,,
PV844378.1,65516,,
PV844379.1,61863,,
PV844380.1,91924,,
PV845595.1,43260,,
PV864296.1,43087,,
PV880424.1,37859,,
PV891366.1,18765,,
PV920217.1,17115,,
PV928965.1,45614,,
PV941032.1,66227,,
PV985319.1,204682,,
PX050560.1,32999,,
PX054590.1,43186,,
PX233535.1,3593,,
PX283082.1,89837,,
PX283083.1,8470,,
PX283084.1,12415,,
PX283091.1,12104,,
PX283093.1,42418,,
PX283094.1,42418,,
PX283095.1,54766,,
PX438058.1,72477,,
S75107.1,2413,,
Y13918.1,35559,,
MZ727215.1,906,,
MZ727216.1,856,,
MZ727217.1,845,,
MZ727218.1,776,,
MZ727219.1,769,,
MZ727220.1,758,,
MZ727221.1,729,,
MZ727222.1,710,,
MZ727223.1,704,,
MZ727224.1,658,,
MZ727225.1,632,,
MZ727226.1,631,,
MZ727227.1,600,,
MZ727228.1,588,,
MZ727229.1,583,,
MZ727230.1,580,,
MZ727231.1,549,,
MZ727232.1,520,,
MZ727233.1,453,,
MZ727234.1,437,,
MZ727235.1,401,,
MZ727236.1,394,,
MZ727237.1,375,,
MZ727238.1,366,,
MZ727239.1,364,,
MZ727240.1,353,,
MZ727241.1,350,,
MZ727242.1,349,,
MZ727243.1,347,,
MZ727244.1,339,,
MZ727245.1,335,,
MZ727246.1,315,,
MZ727247.1,307,,
MZ727248.1,298,,
MZ727249.1,283,,
MZ727250.1,255,,
MZ727251.1,255,,
MZ727252.1,255,,
MZ727253.1,255,,
MZ727254.1,255,,
MZ727255.1,255,,
MZ727256.1,255,,
MZ727257.1,255,,
MZ727258.1,255,,
MZ727259.1,255,,
MZ727260.1,255,,
MZ727261.1,255,,
MZ727262.1,255,,
MZ727263.1,255,,
MZ727264.1,255,,
MZ727265.1,255,,
MZ727266.1,255,,
MZ727267.1,255,,
MZ727268.1,255,,
MZ727269.1,255,,
MZ727270.1,255,,
MZ727271.1,255,,
MZ727272.1,255,,
MZ727273.1,255,,
MZ727274.1,255,,
MZ727275.1,255,,
MZ727276.1,255,,
MZ727277.1,255,,
MZ727278.1,255,,
MZ727280.1,254,,
MZ727281.1,247,,
MZ727282.1,246,,
MZ727283.1,246,,
MZ727284.1,246,,
MZ727285.1,245,,
MZ727286.1,245,,
MZ727287.1,242,,
MZ727288.1,242,,
MZ727289.1,242,,
MZ727290.1,241,,
MZ727291.1,240,,
MZ727292.1,238,,
MZ727293.1,238,,
MZ727294.1,238,,
MZ727295.1,238,,
MZ727296.1,237,,
MZ727297.1,237,,
MZ727298.1,237,,
MZ727299.1,236,,
MZ727300.1,236,,
MZ727301.1,236,,
MZ727302.1,236,,
MZ727303.1,235,,
MZ727304.1,235,,
MZ727305.1,235,,
MZ727306.1,234,,
MZ727307.1,234,,
MZ727308.1,234,,
MZ727309.1,234,,
MZ727310.1,234,,
MZ727311.1,234,,
MZ727312.1,229,,
MZ727313.1,227,,
MZ727314.1,226,,
MZ727315.1,225,,
MZ727316.1,225,,
MZ727317.1,225,,
MZ727318.1,223,,
MZ727319.1,222,,
MZ727320.1,222,,
MZ727321.1,222,,
MZ727322.1,220,,
MZ727323.1,220,,
MZ727324.1,220,,
MZ727325.1,216,,
MZ727326.1,216,,
MZ727327.1,216,,
MZ727328.1,214,,
MZ727329.1,208,,
MZ727330.1,207,,
MZ727331.1,201,,
MZ727332.1,34072,,
MZ727333.1,22812,,
MZ727334.1,15211,,
MZ727335.1,8968,,
MZ727336.1,3257,,
MZ727337.1,700,,
MZ727338.1,616,,
MZ727339.1,615,,
MZ727340.1,609,,
MZ727341.1,607,,
MZ727342.1,558,,
MZ727343.1,551,,
MZ727344.1,513,,
MZ727345.1,512,,
MZ727346.1,505,,
MZ727347.1,483,,
MZ727348.1,470,,
MZ727349.1,466,,
MZ727350.1,465,,
MZ727351.1,461,,
MZ727352.1,460,,
MZ727353.1,458,,
MZ727354.1,454,,
MZ727355.1,453,,
MZ727356.1,449,,
MZ727357.1,445,,
MZ727358.1,444,,
MZ727359.1,437,,
MZ727360.1,433,,
MZ727361.1,432,,
MZ727362.1,431,,
MZ727363.1,427,,
MZ727364.1,425,,
MZ727365.1,423,,
MZ727366.1,420,,
MZ727367.1,420,,
MZ727368.1,420,,
MZ727369.1,419,,
MZ727370.1,416,,
MZ727371.1,415,,
MZ727372.1,412,,
MZ727373.1,407,,
MZ727374.1,407,,
MZ727375.1,406,,
MZ727376.1,401,,
MZ727377.1,401,,
MZ727378.1,399,,
MZ727379.1,398,,
MZ727380.1,398,,
MZ727381.1,396,,
MZ727382.1,395,,
MZ727383.1,389,,
MZ727384.1,388,,
MZ727385.1,388,,
MZ727386.1,388,,
MZ727387.1,388,,
MZ727388.1,387,,
MZ727389.1,386,,
MZ727390.1,385,,
MZ727391.1,383,,
MZ727392.1,381,,
MZ727393.1,379,,
MZ727394.1,379,,
MZ727395.1,377,,
MZ727396.1,372,,
MZ727397.1,370,,
MZ727398.1,370,,
MZ727399.1,369,,
MZ727400.1,368,,
MZ727401.1,366,,
MZ727402.1,364,,
MZ727403.1,362,,
MZ727404.1,360,,
MZ727405.1,359,,
MZ727406.1,359,,
MZ727407.1,358,,
MZ727408.1,357,,
MZ727409.1,354,,
MZ727410.1,354,,
MZ727411.1,351,,
MZ727412.1,350,,
MZ727413.1,350,,
MZ727414.1,350,,
MZ727415.1,349,,
MZ727416.1,348,,
MZ727417.1,348,,
MZ727418.1,346,,
MZ727419.1,341,,
MZ727420.1,341,,
MZ727421.1,340,,
MZ727422.1,339,,
MZ727423.1,338,,
MZ727424.1,337,,
MZ727425.1,336,,
MZ727426.1,336,,
MZ727427.1,335,,
MZ727428.1,334,,
MZ727429.1,334,,
MZ727430.1,331,,
MZ727431.1,329,,
MZ727432.1,329,,
MZ727433.1,329,,
MZ727434.1,328,,
MZ727435.1,327,,
MZ727436.1,327,,
MZ727437.1,326,,
MZ727438.1,325,,
MZ727439.1,324,,
MZ727440.1,323,,
MZ727441.1,321,,
MZ727442.1,320,,
MZ727443.1,320,,
MZ727444.1,320,,
MZ727445.1,320,,
MZ727446.1,319,,
MZ727447.1,319,,
MZ727448.1,318,,
MZ727449.1,315,,
MZ727450.1,315,,
MZ727451.1,314,,
MZ727452.1,314,,
MZ727453.1,314,,
MZ727454.1,311,,
MZ727455.1,308,,
MZ727456.1,308,,
MZ727457.1,305,,
MZ727458.1,303,,
MZ727459.1,302,,
MZ727460.1,301,,
MZ727461.1,300,,
MZ727462.1,300,,
MZ727463.1,299,,
MZ727464.1,299,,
MZ727465.1,299,,
MZ727466.1,299,,
MZ727467.1,298,,
MZ727468.1,298,,
MZ727469.1,297,,
MZ727470.1,297,,
MZ727471.1,294,,
MZ727472.1,293,,
MZ727473.1,291,,
MZ727474.1,290,,
MZ727475.1,290,,
MZ727476.1,290,,
MZ727477.1,290,,
MZ727478.1,289,,
MZ727479.1,288,,
MZ727480.1,288,,
MZ727481.1,288,,
MZ727482.1,287,,
MZ727483.1,286,,
MZ727484.1,286,,
MZ727485.1,286,,
MZ727486.1,286,,
MZ727487.1,286,,
MZ727488.1,286,,
MZ727489.1,286,,
MZ727490.1,286,,
MZ727491.1,285,,
MZ727492.1,285,,
MZ727493.1,284,,
MZ727494.1,282,,
MZ727495.1,282,,
MZ727496.1,282,,
MZ727497.1,281,,
MZ727498.1,281,,
MZ727499.1,281,,
MZ727500.1,280,,
MZ727501.1,280,,
MZ727502.1,280,,
MZ727503.1,280,,
MZ727504.1,279,,
MZ727505.1,279,,
MZ727506.1,279,,
MZ727507.1,279,,
MZ727508.1,279,,
MZ727509.1,279,,
MZ727510.1,279,,
MZ727511.1,279,,
MZ727512.1,279,,
MZ727513.1,278,,
MZ727514.1,278,,
MZ727515.1,278,,
MZ727516.1,278,,
MZ727517.1,278,,
MZ727518.1,278,,
MZ727519.1,278,,
MZ727520.1,278,,
MZ727521.1,278,,
MZ727522.1,278,,
MZ727523.1,278,,
MZ727524.1,278,,
MZ727525.1,278,,
MZ727526.1,278,,
MZ727527.1,278,,
MZ727528.1,278,,
MZ727529.1,278,,
MZ727530.1,260,,
MZ727531.1,255,,
MZ727532.1,254,,
MZ727533.1,254,,
MZ727534.1,236,,
MZ727535.1,234,,
MZ727536.1,227,,
MZ773939.1,47985,,
MZ927745.1,43067,,
MZ927746.1,43141,,
MZ955867.1,73001,,
NC_001331.1,7349,,
NC_001418.1,5833,,
NC_001628.1,3588,,
NC_002484.2,56426,,
NC_003278.1,35580,,
NC_005045.1,42519,,
NC_005178.1,37611,,
NC_005884.1,43783,,
NC_006552.1,65195,,
NC_007623.1,211215,,
NC_007805.1,39199,,
NC_007806.1,42999,,
NC_007807.1,43365,,
NC_007808.1,49639,,
NC_007809.1,59446,,
NC_007810.1,66015,,
NC_008717.1,36415,,
NC_009935.1,43200,,
NC_009936.1,41593,,
NC_010116.1,58663,,
NC_010325.1,45625,,
NC_011105.1,42954,,
NC_011107.1,42961,,
NC_011165.1,64427,,
NC_011166.1,66530,,
NC_011373.1,46872,,
NC_011756.1,66390,,
NC_011810.1,65764,,
NC_012418.1,43152,,
NC_013691.1,74901,,
NC_013692.1,72544,,
NC_016762.1,49135,,
NC_016765.1,54024,,
NC_017674.1,66275,,
NC_017864.1,42844,,
NC_017865.1,42966,,
NC_019450.1,93017,,
NC_019451.1,66116,,
NC_019813.1,44030,,
NC_019918.1,92777,,
NC_019935.1,64144,,
NC_022746.1,42957,,
NC_022971.1,45344,,
NC_023575.1,45550,,
NC_023583.1,45696,,
NC_023700.1,34553,,
NC_024123.1,64113,,
NC_024140.1,72028,,
NC_024330.1,37380,,
NC_024381.1,43056,,
NC_026586.1,66299,,
NC_026587.1,86246,,
NC_026594.1,56537,,
NC_026599.1,45808,,
NC_026600.1,66181,,
NC_026601.1,37238,,
NC_026602.1,43639,,
NC_027375.1,43227,,
NC_027384.1,37359,,
NC_027388.1,73050,,
NC_028652.1,94109,,
NC_028657.1,60919,,
NC_028667.1,39593,,
NC_028770.1,59878,,
NC_028809.1,58637,,
NC_028879.1,43225,,
NC_028882.1,84583,,
NC_028931.1,55108,,
NC_028933.1,45626,,
NC_028939.1,68871,,
NC_028980.1,62181,,
NC_028999.1,309208,,
NC_029017.1,73420,,
NC_029101.1,72192,,
NC_030931.1,41871,,
NC_030940.1,32637,,
NC_031063.1,72697,,
NC_031073.1,94555,,
NC_031091.1,43277,,
NC_031104.1,72979,,
NC_031110.1,93129,,
NC_041877.1,93191,,
NC_041902.1,66182,,
NC_041903.1,91212,,
NC_041907.1,72321,,
NC_041934.1,61818,,
NC_041953.1,57899,,
NC_041968.1,87646,,
NC_042060.1,266743,,
NC_042071.1,6648,,
NC_042072.1,3862,,
NC_042073.1,3004,,
NC_042081.1,279696,,
NC_042113.1,93848,,
NC_042115.1,58139,,
NC_042342.1,65270,,
NC_042343.1,43895,,
NC_047852.1,42351,,
NC_047953.1,44205,,
NC_047967.1,42750,,
NC_048109.1,37152,,
NC_048168.1,43446,,
NC_048638.1,69844,,
NC_048639.1,70774,,
NC_048676.1,65847,,
NC_048699.1,66095,,
NC_048806.1,65690,,
NC_050145.1,65554,,
NC_050148.1,66657,,
NC_050149.1,65918,,
NC_052965.1,57061,,
NC_053013.1,57567,,
NC_054149.1,44033,,
NC_055711.1,43490,,
NC_055793.1,35343,,
NC_061432.1,46148,,
NC_061433.1,37729,,
NC_061434.1,37011,,
NC_061436.1,37578,,
NC_069741.1,43067,,
NC_069742.1,42439,,
NC_069743.1,43141,,
NC_069746.1,42820,,
NC_069748.1,43015,,
NC_069749.1,43133,,
NC_069750.1,42828,,
NC_070862.1,73308,,
NC_070863.1,73001,,
NC_070864.1,73345,,
NC_070969.1,61818,,
NC_070970.1,60628,,
NC_070971.1,60626,,
NC_071039.1,286783,,
NC_072498.1,57839,,
NC_072809.1,42622,,
NC_072810.1,42567,,
NC_073601.1,94775,,
NC_073605.1,92730,,
NC_073606.1,93031,,
NC_073608.1,92558,,
NC_073610.1,92408,,
NC_073612.1,91543,,
NC_073613.1,92319,,
NC_073614.1,92420,,
NC_073615.1,92114,,
NC_073616.1,92835,,
NC_073618.1,91901,,
NC_073619.1,92467,,
NC_073620.1,92393,,
NC_073621.1,88705,,
NC_073622.1,92515,,
NC_073623.1,92710,,
NC_073756.1,10061,,
NC_074662.1,54250,,
NC_074664.1,49154,,
NC_074742.1,38255,,
NC_074743.1,39020,,
NC_074744.1,38122,,
NC_074745.1,38579,,
NC_074746.1,38223,,
NC_074747.1,41303,,
NC_074748.1,39676,,
NC_074749.1,39701,,
NC_074750.1,39705,,
NC_074763.1,5833,,
OK041467.1,35826,,
OK094707.1,63897,,
OK330455.1,42820,,
OK330456.1,43015,,
OK539824.1,43291,,
OK539825.1,42943,,
OK539826.1,92393,,
OK638201.1,85609,,
OK638202.1,85815,,
OK638203.1,85479,,
AB008550.1,35580,,
AB560486.1,64144,,
AB910392.1,62774,62341,433
AB910393.1,64113,,
AF165214.2,56426,,
AJ697969.1,211215,,
AM265638.1,43200,,
AM265639.1,41593,,
AM749441.1,58663,,
AM910650.1,45625,,
AP009624.1,46872,,
AP018815.1,65554,,
AY394005.1,37611,,
BK061475.1,36237,,
BK061476.1,41597,,
BK061477.1,38595,,
BK061478.1,40769,,
BK061479.1,39504,,
BK061480.1,63196,,
BK061585.1,63401,,
BK061586.1,39623,,
BK061587.1,40999,,
BK061588.1,48888,,
BK061589.1,39280,,
BK061590.1,24677,,
BK061591.1,50727,,
D13409.1,2413,,
DQ250683.1,798,,
DQ873690.1,36409,,
EU056923.1,42954,,
EU716414.1,65764,,
FM201281.1,64427,,
FM201282.1,66530,,
FM887021.1,66390,,
FN263372.1,43152,,
FN422398.1,74901,,
FN422399.1,72544,,
GU815091.1,66275,,
GU988610.2,93017,,
HE983844.1,45469,,
HE983845.1,92777,,
HF543949.1,44030,,
HG518155.1,45696,,
HG798806.1,45550,,
HG962375.1,72028,,
HG962376.1,43056,,
HM624080.1,34553,,
HQ630627.1,309208,,
HQ711984.1,49135,,
HQ711985.1,54024,,
JN254800.1,66116,,
JN254801.1,44789,,
JQ067083.1,66450,,
JQ067084.3,57899,,
JQ067085.2,36570,,
JQ067086.1,42954,,
JQ067087.2,59878,,
JQ067088.1,77914,,
JQ067089.2,55108,,
JQ067090.1,93493,,
JQ067091.1,41547,,
JQ067092.2,43225,,
JQ067093.2,58637,,
JQ307386.1,42966,,
JQ307387.1,42844,,
JX194238.1,72321,,
JX233784.1,266743,,
JX403939.1,49381,,
JX997978.1,42957,,
KC262634.1,65270,,
KC294142.1,43895,,
KC351753.1,729,,
KC758116.1,61818,,
KC969441.1,42519,,
KF856712.1,45344,,
KF981875.1,65729,,
KJ477077.1,37380,,
KJ561929.1,480,,
KJ959591.1,39673,,
KM067278.1,43227,,
KM233689.1,37359,,
KM434184.1,68871,,
KM434185.1,43047,,
KM434186.1,84583,,
KM974184.1,73050,,
KP233880.1,45626,,
KP994390.1,72192,,
KR052142.1,72979,,
KR052143.1,94555,,
KT372690.1,65917,,
KT372691.1,65795,,
KT372692.1,65762,,
KT372693.1,65762,,
KT372694.1,66283,,
KT372695.1,65762,,
KT372696.1,65762,,
KT372697.1,66278,,
KT372698.1,65762,,
KT734862.1,62181,,
KT804923.1,94109,,
KT887557.1,57218,,
KT887558.1,41871,,
KT887559.1,32637,,
KT968831.1,60919,,
KT968832.1,37714,,
KU245542.1,93191,,
KU356689.1,57061,,
KU356690.1,69844,,
KU356691.1,70774,,
KU521356.1,279593,,
KU743887.1,42351,,
KU761955.1,93129,,
KU884561.1,43265,,
KU884562.1,43733,,
KU884563.1,43490,,
KU884564.1,43223,,
KU884565.1,43266,,
KU948710.1,72697,,
KX074201.1,6648,,
KX074202.1,3862,,
KX074203.1,3004,,
KX198612.1,43277,,
KX198613.2,60973,,
KX711710.1,42965,,
KX898399.1,58359,,
KX898400.1,57839,,
KY000082.1,66182,,
KY000083.1,91212,,
KY615005.1,438,,
KY786116.1,1290,,
KY797301.1,1185,,
KY826473.1,975,,
KY994101.1,87646,,
LC064302.1,73420,,
LC105987.1,64415,,
LC105988.1,64415,,
LC105989.1,64415,,
LC105990.1,64415,,
LC552830.1,42439,,
LC648443.1,44534,,
LC727695.1,278203,,
LC727696.1,278901,,
LC727697.1,287165,,
LC727698.1,284544,,
LC727699.1,281088,,
LC727700.1,42855,,
LC727701.1,278676,,
LC765218.1,306291,,
LC801235.1,49204,,
LN610572.1,93848,,
LN610573.1,86246,,
LN610574.1,43639,,
LN610575.1,93503,,
LN610576.1,83598,,
LN610577.1,56537,,
LN610578.1,45808,,
LN610579.1,66299,,
LN610580.1,42750,,
LN610581.1,86668,,
LN610582.1,84759,,
LN610583.1,85783,,
LN610584.1,58139,,
LN610585.1,57745,,
LN610586.1,93053,,
LN610587.1,93308,,
LN610588.1,66326,,
LN610589.1,66181,,
LN610590.1,37238,,
LN898172.1,39593,,
M11912.1,5833,,
M19377.1,5833,,
MF768469.1,44194,,
MF768470.1,65847,,
MF788075.1,49494,,
MF805716.1,279696,,
MG432151.1,45970,,
MG589385.1,46093,,
MG589386.1,46403,,
MG897799.1,66095,,
MG897800.1,43133,,
MH107770.1,44205,,
MH196513.1,1102,,
MH196514.1,686,,
MH196515.1,1182,,
MH196516.1,422,,
MH356729.1,73080,,
MH370478.1,91364,,
MH643777.1,37011,,
MH643778.1,46148,,
MH719189.1,38122,,
MH719190.1,38223,,
MH719191.1,38255,,
MH719192.1,39816,,
MH719193.1,38579,,
MH719194.1,39676,,
MH719195.1,39020,,
MH725810.1,92348,,
MH973725.1,45796,,
MH979674.1,43446,,
MK034952.1,37152,,
MK138526.1,92319,,
MK144667.1,37729,,
MK165657.1,42622,,
MK165658.1,42932,,
MK224498.1,92558,,
MK318076.1,66418,,
MK443264.1,92730,,
MK443265.1,48656,,
MK443266.1,63016,,
MK510962.1,33681,,
MK510963.1,40414,,
MK510964.1,40439,,
MK510965.1,41462,,
MK510966.1,38375,,
MK510967.1,41186,,
MK510968.1,42511,,
MK510969.1,35225,,
MK510970.1,35420,,
MK510971.1,41155,,
MK510972.1,38379,,
MK510973.1,38239,,
MK510974.1,40393,,
MK510975.1,40711,,
MK510976.1,40778,,
MK510977.1,37635,,
MK510978.1,40412,,
MK510979.1,38353,,
MK510980.1,38344,,
MK510981.1,38370,,
MK510982.1,38285,,
MK510983.1,38345,,
MK510984.1,38217,,
MK510985.1,40441,,
MK510986.1,30609,,
MK510987.1,40425,,
MK510988.1,40745,,
MK510989.1,38344,,
MK510990.1,41217,,
MK510991.1,38304,,
MK510992.1,39861,,
MK510993.1,38378,,
MK511001.1,52800,,
MK511002.1,52664,,
MK511003.1,52662,,
MK511004.1,34669,,
MK511005.1,52823,,
MK511006.1,52758,,
MK511007.1,42495,,
MK511008.1,29118,,
MK511009.1,37242,,
MK511010.1,52755,,
MK511011.1,52658,,
MK511012.1,50013,,
MK511013.1,42421,,
MK511014.1,46492,,
MK511015.1,33113,,
MK511016.1,45372,,
MK511017.1,37682,,
MK511018.1,37395,,
MK511019.1,26171,,
MK511020.1,37702,,
MK511021.1,37629,,
MK511022.1,44244,,
MK511023.1,37617,,
MK511024.1,37636,,
MK511025.1,37734,,
MK511026.1,37617,,
MK511027.1,37654,,
MK511028.1,37615,,
MK511029.1,38416,,
MK511030.1,37615,,
MK511031.1,31014,,
MK511032.1,39613,,
MK511033.1,37715,,
MK511034.1,38215,,
MK511035.1,37758,,
MK511036.1,37474,,
MK511037.1,27510,,
MK511038.1,38471,,
MK511039.1,61772,,
MK511040.1,62695,,
MK511041.1,61772,,
MK511042.1,61772,,
MK511043.1,61684,,
MK511044.1,61772,,
MK511045.1,61772,,
MK511046.1,61772,,
MK511047.1,61853,,
MK511048.1,61772,,
MK511049.1,61772,,
MK511050.1,61772,,
MK511051.1,61772,,
MK511057.1,36361,,
MK511058.1,28078,,
MK511059.1,39705,,
MK511060.1,32181,,
MK511061.1,39659,,
MK511062.1,28208,,
MK511063.1,37399,,
MK511064.1,29041,,
MK511065.1,39730,,
MK511066.1,35343,,
MK599315.1,304671,,
MK797984.1,286783,,
MK799650.1,87872,,
MK803322.1,63016,,
MK816297.1,60626,,
MK837009.1,66657,,
MK837010.1,65924,,
MK837011.1,45770,,
MK837012.1,45703,,
MK934841.1,41303,,
MN029011.1,60628,,
MN096267.1,51545,,
MN131141.1,66612,,
MN131142.1,65690,,
MN131143.1,66049,,
MN508619.1,45446,,
MN508620.1,66412,,
MN536026.1,57567,,
MN536027.1,39701,,
MN563783.1,66806,,
MN563784.1,280208,,
MN563785.1,92467,,
MN564818.1,66243,,
MN585195.1,48430,,
MN602045.1,42735,,
MN692672.2,42735,,
MN710383.1,10061,,
MN901924.1,43583,,
MN906996.1,73083,,
MT080102.1,73345,,
MT349888.1,65984,,
MT416090.1,73308,,
MT491204.1,65918,,
MT491205.1,65606,,
MT491206.1,65567,,
MT491207.1,63030,,
MT491208.1,62537,,
MT496753.1,770,,
MT496754.1,740,,
MT613935.1,44033,,
MT933737.1,66127,,
MW057919.1,266592,,
MW117144.1,40977,,
MW329986.1,45491,,
MW390886.1,37578,,
MW406974.1,65936,,
MW406975.1,43005,,
MW406976.1,43113,,
MW460249.1,61818,,
MW512830.1,66283,,
MW512831.1,44167,,
MW512832.1,42020,,
MW512833.1,49434,,
MW512834.1,65515,,
MW526258.1,62522,,
MW526259.2,92408,,
MW526260.1,44477,,
MW557846.1,65837,,
MW595220.1,66301,,
MW595221.1,65447,,
MW735835.1,265520,,
MW748993.1,49154,,
MW815133.1,780,,
MW929175.1,50358,,
MZ229661.1,73404,,
MZ322319.1,74434,,
MZ553930.1,66288,,
MZ553931.1,42546,,
MZ727202.1,7562,,
MZ727203.1,4196,,
MZ727204.1,3976,,
MZ727205.1,3484,,
MZ727206.1,3068,,
MZ727207.1,3030,,
MZ727208.1,2573,,
MZ727209.1,2395,,
MZ727210.1,2262,,
MZ727211.1,2175,,
MZ727212.1,1710,,
MZ727213.1,1158,,
MZ727214.1,1015,,