sys_id	replicon	type	subtype	sys_nt_begin	sys_nt_end	genome_length	norm_mid
AB910392_acb2_1	AB910392	Anti_CBASS	acb2	53485	54387	62749	0.8595515466381934
AF234172.1_dar_ddr_hdf_ulx_1	AF234172.1	Anti_RM	dar_ddr_hdf_ulx	13074	20315	94798	0.17610603599232053
AF234172.1_dar_ddr_hdf_ulx_2	AF234172.1	Anti_RM	dar_ddr_hdf_ulx	27621	33506	94798	0.32240659085634715
AF234173.1_dar_ddr_hdf_ulx_1	AF234173.1	Anti_RM	dar_ddr_hdf_ulx	13074	20315	94479	0.17670064247081363
AF234173.1_dar_ddr_hdf_ulx_2	AF234173.1	Anti_RM	dar_ddr_hdf_ulx	27621	33506	94479	0.32349516823844454
AF399011_tad1_1	AF399011	Anti_Thoeris	tad1	95911	96603	280195	0.34353575188707863
AF503408.1_dar_ddr_hdf_ulx_1	AF503408.1	Anti_RM	dar_ddr_hdf_ulx	16832	24073	101658	0.20118928170926045
AF503408.1_dar_ddr_hdf_ulx_2	AF503408.1	Anti_RM	dar_ddr_hdf_ulx	30761	36646	101658	0.33153809832969366
AJ697969_acb1_1	AJ697969	Anti_CBASS	acb1	128120	128545	211130	0.6078364041112111
AM749441_ardb_klca_acric11_1	AM749441	Anti_RM	ardb_klca_acric11	55800	56210	58661	0.954722899370962
AP019418_tad1_1	AP019418	Anti_Thoeris	tad1	97470	98162	278956	0.3506502817648661
AY266303.2_acb1_1	AY266303.2	Anti_CBASS	acb1	197980	198474	233233	0.8499097469054551
AY375531.1_NARP2_1	AY375531.1	NADP	NARP2	119582	126792	173589	0.7096475007056898
AY375531.1_acb1_2	AY375531.1	Anti_CBASS	acb1	151468	151896	173589	0.8737996071179626
AY375531.1_alt_3	AY375531.1	Anti_TA	alt	26731	28659	173589	0.15954351946263876
AY394005_acrif2_c2_2	AY394005	Anti_CRISPR	acrif2_c2	5120	5785	37580	0.14509047365620012
AY575774_acb2_1	AY575774	Anti_CBASS	acb2	21127	21408	43667	0.4870382668834589
AY962392.1_NARP2_1	AY962392.1	NADP	NARP2	118845	126055	172961	0.7079630668185314
AY962392.1_acb1_2	AY962392.1	Anti_CBASS	acb1	150840	151268	172961	0.8733413890992767
AY962392.1_alt_3	AY962392.1	Anti_TA	alt	26730	28658	172961	0.16011702060001964
BK061477_Adnd_p0020_p0021_1	BK061477	Anti_Dnd	Adnd_p0020_p0021	29359	30207	38594	0.771700264289786
BK061479_acb2_1	BK061479	Anti_CBASS	acb2	8018	8344	39503	0.20709819507379187
CP019649.1_ardc_1	CP019649.1	Anti_RM	ardc	3088522	3089577	4999861	0.6178270755927014
CP029707.1_Adnd_p0020_p0021_1	CP029707.1	Anti_Dnd	Adnd_p0020_p0021	7030377	7031435	7038011	0.9989904818278914
CP029707.1_acrie1_2	CP029707.1	Anti_CRISPR	acrie1	4758979	4759302	7038011	0.6762053227822463
CP029707.1_acrif12_3	CP029707.1	Anti_CRISPR	acrif12	4757135	4757509	7038011	0.6759469401227136
DQ163912_Adnd_p0020_p0021_1	DQ163912	Anti_Dnd	Adnd_p0020_p0021	30348	31232	39198	0.785499260166335
DQ163914_acb2_1	DQ163914	Anti_CBASS	acb2	21126	21407	43249	0.49172235196189507
DQ163916_ardb_klca_acric11_1	DQ163916	Anti_RM	ardb_klca_acric11	55505	55918	59444	0.9372098109144741
DQ631426_acrie3_2	DQ631426	Anti_CRISPR	acrie3	5107	5524	36384	0.14609443711521547
DQ873690_acrie2_2	DQ873690	Anti_CRISPR	acrie2	5232	6183	36407	0.15676930260664157
DQ873690_acrif3_3	DQ873690	Anti_CRISPR	acrif3	5543	6183	36407	0.1610404592523416
EF469154.1_acb1_1	EF469154.1	Anti_CBASS	acb1	147500	147955	170522	0.8663251662542076
EF469154.1_acb2_2	EF469154.1	Anti_CBASS	acb2	131483	131761	170522	0.7718769425645958
EF469154.1_dmd_3	EF469154.1	Anti_TA	dmd	93005	93208	170522	0.5460087261467729
EU197055_tad1_1	EU197055	Anti_Thoeris	tad1	107055	107654	316566	0.3391220156302319
EU272036_acrif2_c2_2	EU272036	Anti_CRISPR	acrif2_c2	5240	5744	36630	0.14993174993174993
GU988610_NARP1_1	GU988610	NADP	NARP1	75374	78209	90327	0.8501500105173425
HE584812_acrif7_2	HE584812	Anti_CRISPR	acrif7	5120	5534	36307	0.14672101798551243
HE983845_NARP1_1	HE983845	NADP	NARP1	75837	78672	90145	0.8570026069110876
HG798806_acrif7_2	HG798806	Anti_CRISPR	acrif7	43781	44183	45549	0.9655974884190652
HG798806_vcrx091_093_3	HG798806	Anti_CRISPR	vcrx091_093	29461	31260	45549	0.666545917583262
HM624080_acrif3_2	HM624080	Anti_CRISPR	acrif3	5401	6274	34551	0.16895314173251136
HM624080_acrif5_3	HM624080	Anti_CRISPR	acrif5	5817	6274	34551	0.17497322798182396
HQ630627_tad1_1	HQ630627	Anti_Thoeris	tad1	105702	106271	309129	0.3428552481326566
HQ832595_NARP1_1	HQ832595	NADP	NARP1	74916	77742	89132	0.8563591078400574
JN175269_rad_1	JN175269	Anti_Retron	rad	22754	23281	26497	0.8686832471600558
JN627160_acb1_1	JN627160	Anti_CBASS	acb1	245238	245699	284602	0.8624974525829052
JN627160_tad1_2	JN627160	Anti_Thoeris	tad1	245709	246134	284602	0.86408914905728
JN808773_acrie2_2	JN808773	Anti_CRISPR	acrie2	5232	6183	37372	0.15272128866531093
JN808773_acrif3_3	JN808773	Anti_CRISPR	acrif3	5543	6183	37372	0.15688215776517178
JN811560_acrie3_2	JN811560	Anti_CRISPR	acrie3	5120	5827	37810	0.14476329013488495
JN811560_acrif4_3	JN811560	Anti_CRISPR	acrif4	5314	5827	37810	0.1473287490081989
JQ067085_acrie3_2	JQ067085	Anti_CRISPR	acrie3	5120	5827	36063	0.15177605856417936
JQ067085_acrif4_3	JQ067085	Anti_CRISPR	acrif4	5314	5827	36063	0.1544657959681668
JQ067091_acb2_1	JQ067091	Anti_CBASS	acb2	21646	22008	41360	0.5277321083172147
JQ762257_acrif1_2	JQ762257	Anti_CRISPR	acrif1	5107	5554	36816	0.14478759235115168
JX131330_ardb_klca_acric11_1	JX131330	Anti_RM	ardb_klca_acric11	56738	57151	61165	0.9309981198397776
JX233784_tad1_1	JX233784	Anti_Thoeris	tad1	96625	97317	266604	0.3637267257805584
JX434030_acrie1_2	JX434030	Anti_CRISPR	acrie1	5240	6438	37738	0.1547246806932005
JX434030_acrif3_3	JX434030	Anti_CRISPR	acrif3	5565	6438	37738	0.1590306852509407
JX434030_acrif5_4	JX434030	Anti_CRISPR	acrif5	5981	6438	37738	0.16454237108484818
JX434031_acrie3_2	JX434031	Anti_CRISPR	acrie3	5107	5814	37065	0.1473222716848779
JX434031_acrif4_3	JX434031	Anti_CRISPR	acrif4	5301	5814	37065	0.1499392958316471
JX434032_acrif1_2	JX434032	Anti_CRISPR	acrif1	5107	5554	36916	0.14439538411528877
JX434033_acrie2_2	JX434033	Anti_CRISPR	acrie2	5232	6183	36427	0.15668322947264393
JX434033_acrif3_3	JX434033	Anti_CRISPR	acrif3	5543	6183	36427	0.16095204106843825
JX495043_acb2_1	JX495043	Anti_CBASS	acb2	8018	8344	38231	0.21398864795584735
KC862297_NARP1_1	KC862297	NADP	NARP1	75975	78813	90509	0.8550972831431128
KC862298_NARP1_1	KC862298	NADP	NARP1	74452	77278	90309	0.8400602376285863
KC862300_NARP1_1	KC862300	NADP	NARP1	75302	78128	90972	0.8432814492371279
KF147891_acb1_1	KF147891	Anti_CBASS	acb1	149936	150469	258137	0.5818712544114172
KF147891_tad2_acriia7_2	KF147891	Anti_Thoeris	tad2_acriia7	200755	200988	258137	0.77815849723209
KF475786_acrif3_2	KF475786	Anti_CRISPR	acrif3	5401	6274	36836	0.15847268976001738
KF475786_acrif5_3	KF475786	Anti_CRISPR	acrif5	5817	6274	36836	0.1641193397763058
KJ409772_NARP1_1	KJ409772	NADP	NARP1	76476	80375	98136	0.7991511779571208
KJ477077_acrif2_c2_2	KJ477077	Anti_CRISPR	acrif2_c2	5240	5905	37378	0.14908502327572368
KJ477077_mom_3	KJ477077	Anti_RM	mom	23969	24739	37378	0.6515597410241318
KJ507100_acb1_1	KJ507100	Anti_CBASS	acb1	1263	3065	51089	0.042357454637984696
KJ959591_mom_1	KJ959591	Anti_RM	mom	20085	20852	39672	0.5159432345230893
KM233689_acrif7_2	KM233689	Anti_CRISPR	acrif7	5129	5543	36852	0.144795397807446
KM389278_acrif2_c2_2	KM389278	Anti_CRISPR	acrif2_c2	5240	5744	27222	0.20174858570274043
KM389326_acrif2_c2_2	KM389326	Anti_CRISPR	acrif2_c2	5120	5785	37039	0.14720969788601204
KM389326_mom_3	KM389326	Anti_RM	mom	24000	24770	37039	0.6583601069143336
KM389336_Aca_alone_1	KM389336	Anti_CRISPR	Aca_alone	13586	13837	18117	0.7568306010928961
KM389337_acrie3_1	KM389337	Anti_CRISPR	acrie3	5120	5317	16937	0.30811241660270416
KM389459_acrif3_2	KM389459	Anti_CRISPR	acrif3	5401	6274	37412	0.15603282369293275
KM389459_acrif5_3	KM389459	Anti_CRISPR	acrif5	5817	6274	37412	0.16159253715385438
KM389460_acrif2_c2_2	KM389460	Anti_CRISPR	acrif2_c2	5240	5905	37412	0.14894953490858548
KM389460_mom_3	KM389460	Anti_RM	mom	23969	24739	37412	0.6509676039773334
KM389461_acrif3_2	KM389461	Anti_CRISPR	acrif3	5401	6274	37396	0.1560995828430848
KM389461_acrif5_3	KM389461	Anti_CRISPR	acrif5	5817	6274	37396	0.16166167504545942
KM389462_acrif3_2	KM389462	Anti_CRISPR	acrif3	5401	6274	37171	0.15704447015146217
KM389462_acrif5_3	KM389462	Anti_CRISPR	acrif5	5817	6274	37171	0.16264023028705174
KM389463_Adnd_p0020_p0021_1	KM389463	Anti_Dnd	Adnd_p0020_p0021	41697	42545	48914	0.8611236046939527
KM389464_acrif2_c2_2	KM389464	Anti_CRISPR	acrif2_c2	5240	5744	36652	0.1498417548837717
KR052143_NARP1_1	KR052143	NADP	NARP1	76952	79778	91908	0.8526461243852548
KT736033_NARP1_1	KT736033	NADP	NARP1	77142	79968	91386	0.8595955616834088
KT804923_NARP1_1	KT804923	NADP	NARP1	76919	79745	91199	0.8589129266768276
KT887557_vcrx091_093_1	KT887557	Anti_CRISPR	vcrx091_093	31873	33672	57217	0.5727755736931331
KT968831_vcrx091_093_1	KT968831	Anti_CRISPR	vcrx091_093	37738	39540	60918	0.6342788666732329
KT968832_acrif3_2	KT968832	Anti_CRISPR	acrif3	5401	6274	37712	0.15479157827747136
KT968832_acrif5_3	KT968832	Anti_CRISPR	acrif5	5817	6274	37712	0.16030706406448875
KU199707_acrie2_2	KU199707	Anti_CRISPR	acrie2	5232	6183	36434	0.15665312620080146
KU199707_acrif3_3	KU199707	Anti_CRISPR	acrif3	5543	6183	36434	0.16092111763737169
KU199708_acrif1_2	KU199708	Anti_CRISPR	acrif1	5107	5554	36907	0.1444305958219308
KU199709_acrif3_2	KU199709	Anti_CRISPR	acrif3	5231	5871	36627	0.15155486389821715
KU199710_Adnd_p0020_p0021_1	KU199710	Anti_Dnd	Adnd_p0020_p0021	41815	42663	49032	0.8614578234622288
KU297675_NARP1_1	KU297675	NADP	NARP1	75974	78800	91091	0.8495570363702232
KU497559_NARP1_1	KU497559	NADP	NARP1	77017	79843	91261	0.8594032500191757
KU521356_tad1_1	KU521356	Anti_Thoeris	tad1	96854	97546	279454	0.34782110830405005
KU708004_tad2_acriia7_1	KU708004	Anti_Thoeris	tad2_acriia7	3815	4285	55059	0.07355745654661364
KU761955_NARP1_1	KU761955	NADP	NARP1	75388	78214	90331	0.8502175332942179
KU862660_NARP1_1	KU862660	NADP	NARP1	93316	96147	103132	0.9185461350502269
KU873925_NARP1_1	KU873925	NADP	NARP1	122167	124654	158135	0.7804123059411262
KU873925_ardb_klca_acric11_2	KU873925	Anti_RM	ardb_klca_acric11	60833	61255	158135	0.386024599234831
KU873925_rad_3	KU873925	Anti_Retron	rad	132994	133524	158135	0.8426913712966769
KU884561_acb2_1	KU884561	Anti_CBASS	acb2	21140	21421	43149	0.49318640061183344
KU884562_acb2_1	KU884562	Anti_CBASS	acb2	21105	21386	43617	0.48709218882545796
KU884564_acb2_1	KU884564	Anti_CBASS	acb2	21126	21407	43107	0.4933421486069548
KU884565_acb2_1	KU884565	Anti_CBASS	acb2	21140	21421	43150	0.4931749710312862
KX198613_ardb_klca_acric11_1	KX198613	Anti_RM	ardb_klca_acric11	57286	57699	60971	0.9429482868904889
KY000083_NARP1_1	KY000083	NADP	NARP1	73571	76397	88531	0.846980153844416
KY073228_NARP1_1	KY073228	NADP	NARP1	74641	77473	89604	0.8488125530110263
KY514265.1_gnarl1_1	KY514265.1	Other	gnarl1	45166	45357	76168	0.5942324860833946
KY971610_acb1_1	KY971610	Anti_CBASS	acb1	142976	143413	166440	0.8603370583994232
KY971610_dam_2	KY971610	Anti_RM	dam	62399	63196	166440	0.3772981254506128
KY971610_tad1_3	KY971610	Anti_Thoeris	tad1	14236	14562	166440	0.08651165585195866
LC727695_tad1_1	LC727695	Anti_Thoeris	tad1	96073	96765	278064	0.3467511076586685
LC727696_tad1_1	LC727696	Anti_Thoeris	tad1	97801	98493	278762	0.3520817041060116
LC727699_tad1_1	LC727699	Anti_Thoeris	tad1	97835	98527	280949	0.34946200200036304
LC727701_tad1_1	LC727701	Anti_Thoeris	tad1	96683	97375	278537	0.34835228353863223
LC765218_NARP1_1	LC765218	NADP	NARP1	66969	69639	306205	0.22306624646886888
LC765218_tad1_2	LC765218	Anti_Thoeris	tad1	111739	112320	306205	0.3658643719077089
LN610572_NARP1_1	LN610572	NADP	NARP1	76902	79728	91201	0.8587076896086666
LN610575_NARP1_1	LN610575	NADP	NARP1	75890	78725	90857	0.8508700485378121
LN610586_NARP1_1	LN610586	NADP	NARP1	76102	78937	90407	0.8574501974404637
LN610587_NARP1_1	LN610587	NADP	NARP1	76240	79066	90527	0.8577882841583174
LN610590_acrie3_2	LN610590	Anti_CRISPR	acrie3	5107	5814	37208	0.1467560739625887
LN610590_acrif4_3	LN610590	Anti_CRISPR	acrif4	5301	5814	37208	0.14936304020640723
LN887844_NARP1_1	LN887844	NADP	NARP1	79629	83178	98617	0.8254509871523166
LN898172_acb2_1	LN898172	Anti_CBASS	acb2	8018	8344	39592	0.2066326530612245
LT608331_acrif3_2	LT608331	Anti_CRISPR	acrif3	5108	5748	37002	0.1466947732554997
LT999987_acrie1_2	LT999987	Anti_CRISPR	acrie1	5240	6438	37494	0.15573158372006188
LT999987_acrif3_3	LT999987	Anti_CRISPR	acrif3	5565	6438	37494	0.16006561049767962
LT999987_acrif5_4	LT999987	Anti_CRISPR	acrif5	5981	6438	37494	0.16561316477303034
MF042360_NARP1_1	MF042360	NADP	NARP1	60426	64130	309035	0.20152409921206335
MF042360_tad1_2	MF042360	Anti_Thoeris	tad1	102639	103250	309035	0.3331159900982089
MF042361_tad2_acriia7_1	MF042361	Anti_Thoeris	tad2_acriia7	3444	3938	62789	0.05878418194269697
MF063068_tad1_1	MF063068	Anti_Thoeris	tad1	88722	89126	277965	0.31991078013418955
MF490239_ardb_klca_acric11_1	MF490239	Anti_RM	ardb_klca_acric11	57796	58209	61678	0.9404082492947242
MF805716_tad1_1	MF805716	Anti_Thoeris	tad1	98032	98724	279557	0.35190676677743715
MF893340_NARP1_1	MF893340	NADP	NARP1	77895	81587	97026	0.8218518747552203
MF974178_NARP1_1	MF974178	NADP	NARP1	75897	78723	93093	0.8304598627179273
MG018930_NARP1_1	MG018930	NADP	NARP1	78301	82400	97319	0.825640419650839
MG707188_acrif7_2	MG707188	Anti_CRISPR	acrif7	19162	19558	43747	0.44254463163188335
MH370478_NARP1_1	MH370478	NADP	NARP1	74768	77594	88563	0.8601899212989623
MH643777_acrif2_c2_2	MH643777	Anti_CRISPR	acrif2_c2	5240	5744	37009	0.14839633602637195
MH643778_acrif3_2	MH643778	Anti_CRISPR	acrif3	5401	6274	46146	0.1265006717808694
MH643778_acrif5_3	MH643778	Anti_CRISPR	acrif5	5817	6274	46146	0.13100810471113422
MH719194_acb2_1	MH719194	Anti_CBASS	acb2	8018	8344	39675	0.20620037807183364
MH725810_NARP1_1	MH725810	NADP	NARP1	75325	78151	89548	0.8569482288828338
MH791399_NARP1_1	MH791399	NADP	NARP1	76787	79622	91221	0.8573080759912739
MH791403_ardb_klca_acric11_1	MH791403	Anti_RM	ardb_klca_acric11	57915	58328	61818	0.9402035005985312
MH791406_ardb_klca_acric11_1	MH791406	Anti_RM	ardb_klca_acric11	57848	58258	61940	0.9372457216661285
MH791408_NARP1_1	MH791408	NADP	NARP1	76316	79142	92095	0.8440089038492861
MH791416_NARP1_1	MH791416	NADP	NARP1	76316	79142	92095	0.8440089038492861
MK138526_NARP1_1	MK138526	NADP	NARP1	74631	77457	89834	0.8464946456798095
MK144667_acrie3_2	MK144667	Anti_CRISPR	acrie3	5120	5827	37699	0.1451895275736757
MK144667_acrif4_3	MK144667	Anti_CRISPR	acrif4	5314	5827	37699	0.1477625401204276
MK224498_NARP1_1	MK224498	NADP	NARP1	75142	77968	91954	0.8325358331339583
MK340761_NARP1_1	MK340761	NADP	NARP1	76827	79653	93830	0.8338484493232442
MK443264_NARP1_1	MK443264	NADP	NARP1	75698	78524	91608	0.8417496288533752
MK443266_acb2_1	MK443266	Anti_CBASS	acb2	53922	54623	62991	0.8615913384451747
MK511017_acrie3_2	MK511017	Anti_CRISPR	acrie3	5120	5827	37652	0.14537076383724637
MK511017_acrif4_3	MK511017	Anti_CRISPR	acrif4	5314	5827	37652	0.14794698820779772
MK511018_acrie3_2	MK511018	Anti_CRISPR	acrie3	5107	5814	37365	0.14613943530041482
MK511018_acrif4_3	MK511018	Anti_CRISPR	acrif4	5301	5814	37365	0.14873544761140103
MK511019_acrie3_2	MK511019	Anti_CRISPR	acrie3	5120	5827	26141	0.2093837267128266
MK511019_acrif4_3	MK511019	Anti_CRISPR	acrif4	5314	5827	26141	0.213094372824299
MK511020_acrie3_2	MK511020	Anti_CRISPR	acrie3	5120	5827	37672	0.14529358674877893
MK511020_acrif4_3	MK511020	Anti_CRISPR	acrif4	5314	5827	37672	0.14786844340624336
MK511021_acrie3_2	MK511021	Anti_CRISPR	acrie3	5120	5827	37599	0.14557568020426076
MK511021_acrif4_3	MK511021	Anti_CRISPR	acrif4	5314	5827	37599	0.14815553605149073
MK511022_acrie3_2	MK511022	Anti_CRISPR	acrie3	5120	5827	44214	0.12379563034333017
MK511022_acrif4_3	MK511022	Anti_CRISPR	acrif4	5314	5827	44214	0.12598950558646582
MK511023_acrie3_2	MK511023	Anti_CRISPR	acrie3	5120	5827	37587	0.14562215659669567
MK511023_acrif4_3	MK511023	Anti_CRISPR	acrif4	5314	5827	37587	0.14820283608694496
MK511024_acrie3_2	MK511024	Anti_CRISPR	acrie3	5120	5827	37606	0.1455485826729777
MK511024_acrif4_3	MK511024	Anti_CRISPR	acrif4	5314	5827	37606	0.14812795830452588
MK511025_acrie3_2	MK511025	Anti_CRISPR	acrie3	5120	5827	37704	0.1451702737110121
MK511025_acrif4_3	MK511025	Anti_CRISPR	acrif4	5314	5827	37704	0.1477429450456185
MK511026_acrie3_2	MK511026	Anti_CRISPR	acrie3	5120	5827	37587	0.14562215659669567
MK511026_acrif4_3	MK511026	Anti_CRISPR	acrif4	5314	5827	37587	0.14820283608694496
MK511027_acrie3_2	MK511027	Anti_CRISPR	acrie3	5120	5827	37624	0.14547894960663407
MK511027_acrif4_3	MK511027	Anti_CRISPR	acrif4	5314	5827	37624	0.14805709121837124
MK511028_acrie3_2	MK511028	Anti_CRISPR	acrie3	5120	5827	37585	0.14562990554742583
MK511028_acrif4_3	MK511028	Anti_CRISPR	acrif4	5314	5827	37585	0.14821072236264468
MK511029_acrie3_2	MK511029	Anti_CRISPR	acrie3	5120	5827	38386	0.14259104881988224
MK511029_acrif4_3	MK511029	Anti_CRISPR	acrif4	5314	5827	38386	0.14511801177512634
MK511030_acrie3_2	MK511030	Anti_CRISPR	acrie3	5120	5827	37585	0.14562990554742583
MK511030_acrif4_3	MK511030	Anti_CRISPR	acrif4	5314	5827	37585	0.14821072236264468
MK511031_acrie3_2	MK511031	Anti_CRISPR	acrie3	5120	5827	30984	0.17665569326103794
MK511031_acrif4_3	MK511031	Anti_CRISPR	acrif4	5314	5827	30984	0.1797863413374645
MK511032_acrie3_2	MK511032	Anti_CRISPR	acrie3	5120	5827	39583	0.13827905919207742
MK511032_acrif4_3	MK511032	Anti_CRISPR	acrif4	5314	5827	39583	0.14072960614405175
MK511033_acrie3_2	MK511033	Anti_CRISPR	acrie3	5120	5827	37685	0.14524346556985537
MK511033_acrif4_3	MK511033	Anti_CRISPR	acrif4	5314	5827	37685	0.14781743399230463
MK511034_acrie3_2	MK511034	Anti_CRISPR	acrie3	5120	5827	38185	0.143341626293047
MK511034_acrif4_3	MK511034	Anti_CRISPR	acrif4	5314	5827	38185	0.14588189079481473
MK511035_acrie3_2	MK511035	Anti_CRISPR	acrie3	5120	5827	37728	0.1450779262086514
MK511035_acrif4_3	MK511035	Anti_CRISPR	acrif4	5314	5827	37728	0.14764896098388464
MK511036_acrie3_2	MK511036	Anti_CRISPR	acrie3	5107	5814	37444	0.14583110778762953
MK511036_acrif4_3	MK511036	Anti_CRISPR	acrif4	5301	5814	37444	0.1484216429868604
MK511037_acrie3_2	MK511037	Anti_CRISPR	acrie3	5120	5827	27480	0.19918122270742358
MK511037_acrif4_3	MK511037	Anti_CRISPR	acrif4	5314	5827	27480	0.20271106259097527
MK511038_acrie3_2	MK511038	Anti_CRISPR	acrie3	5120	5827	38441	0.14238703467651725
MK511038_acrif4_3	MK511038	Anti_CRISPR	acrif4	5314	5827	38441	0.14491038214406493
MK511040_vcrx091_093_1	MK511040	Anti_CRISPR	vcrx091_093	50342	53144	62693	0.8253393520807746
MK511058_acb2_1	MK511058	Anti_CBASS	acb2	8021	8347	28077	0.29148413292018377
MK511059_acb2_1	MK511059	Anti_CBASS	acb2	8021	8347	39704	0.2061253274229297
MK511060_acb2_1	MK511060	Anti_CBASS	acb2	8021	8347	32180	0.254319453076445
MK511061_acb2_1	MK511061	Anti_CBASS	acb2	8021	8347	39658	0.2063644157547027
MK511062_acb2_1	MK511062	Anti_CBASS	acb2	8021	8347	28207	0.2901407452050909
MK511063_acb2_1	MK511063	Anti_CBASS	acb2	8021	8347	37398	0.21883523183057918
MK511064_acb2_1	MK511064	Anti_CBASS	acb2	8021	8347	29040	0.2818181818181818
MK511065_acb2_1	MK511065	Anti_CBASS	acb2	8021	8347	39729	0.2059956203277203
MK514283_acb2_1	MK514283	Anti_CBASS	acb2	21126	21413	43464	0.4893590097551997
MK552327_NARP1_1	MK552327	NADP	NARP1	67811	70597	305128	0.22680317768280853
MK599315_NARP1_1	MK599315	NADP	NARP1	65068	67738	304585	0.21801139255051957
MK599315_tad1_2	MK599315	Anti_Thoeris	tad1	109992	110573	304585	0.3620746261306368
MK803322_acb2_1	MK803322	Anti_CBASS	acb2	53922	54623	62991	0.8615913384451747
MK813938.1_gad2_1	MK813938.1	Anti_Gabija	gad2	44834	45877	115891	0.3913634363324158
MK813940.1_gnarl1_1	MK813940.1	Other	gnarl1	34543	34719	45696	0.7578562675070029
MN013356_NARP1_1	MN013356	NADP	NARP1	73722	76548	91195	0.8238938538297056
MN096267_Adnd_p0020_p0021_1	MN096267	Anti_Dnd	Adnd_p0020_p0021	40238	41038	51544	0.7884137823995033
MN096267_acrif23_2	MN096267	Anti_CRISPR	acrif23	23822	24301	51544	0.4668147602048735
MN096267_acrif24_3	MN096267	Anti_CRISPR	acrif24	23136	23822	51544	0.45551373583734284
MN103543_NARP1_1	MN103543	NADP	NARP1	61479	64149	301457	0.20836802595395032
MN103543_tad1_2	MN103543	Anti_Thoeris	tad1	106975	107556	301457	0.3558235502907546
MN536027_acb2_1	MN536027	Anti_CBASS	acb2	8465	8752	39700	0.21683879093198993
MN563784_tad1_1	MN563784	Anti_Thoeris	tad1	97170	97862	280069	0.34818562568509903
MN563785_NARP1_1	MN563785	NADP	NARP1	75526	78351	89820	0.8565853930082387
MN871456_ardb_klca_acric11_1	MN871456	Anti_RM	ardb_klca_acric11	56587	56997	60631	0.9366825551285646
MN871463_ardb_klca_acric11_1	MN871463	Anti_RM	ardb_klca_acric11	57596	58006	61639	0.9377342267071173
MN871469_ardb_klca_acric11_1	MN871469	Anti_RM	ardb_klca_acric11	57594	58004	61637	0.9377322063046547
MN871470_NARP1_1	MN871470	NADP	NARP1	74405	77231	91929	0.824745183783137
MN871478_ardb_klca_acric11_1	MN871478	Anti_RM	ardb_klca_acric11	57960	58373	61863	0.9402469973974751
MN871480_tad1_1	MN871480	Anti_Thoeris	tad1	97420	98112	279381	0.3499378984254477
MN871481_NARP1_1	MN871481	NADP	NARP1	74635	77461	89723	0.8475864605508063
MN871482_ardb_klca_acric11_1	MN871482	Anti_RM	ardb_klca_acric11	51593	52003	54654	0.9477439894609727
MN871486_ardb_klca_acric11_1	MN871486	Anti_RM	ardb_klca_acric11	56832	57242	61155	0.9326629057313384
MN871488_NARP1_1	MN871488	NADP	NARP1	75325	78151	89548	0.8569482288828338
MN871489_tad1_1	MN871489	Anti_Thoeris	tad1	96970	97662	278268	0.34972041341440624
MN905160_NARP1_1	MN905160	NADP	NARP1	77615	81628	99303	0.801803570889097
MT028297.1_NARP1_1	MT028297.1	NADP	NARP1	75546	78268	90439	0.8503742854299583
MT028297.1_rad_2	MT028297.1	Anti_Retron	rad	43714	44211	90439	0.48610112893773705
MT104475_acb1_1	MT104475	Anti_CBASS	acb1	1263	3065	51346	0.04214544463054571
MT118302_ardb_klca_acric11_1	MT118302	Anti_RM	ardb_klca_acric11	57883	58353	61773	0.9408317549738558
MT133560_tad1_1	MT133560	Anti_Thoeris	tad1	93805	94497	278897	0.3375834089287443
MT597419_arda_ardu_1	MT597419	Anti_RM	arda_ardu	6100	6714	41607	0.15398851154853752
MT670417_NARP1_1	MT670417	NADP	NARP1	77709	81596	100028	0.7963020354300796
MT670418_NARP1_1	MT670418	NADP	NARP1	76821	80735	99121	0.7947659930791658
MT670419_NARP1_1	MT670419	NADP	NARP1	76991	80907	98588	0.8007972572726904
MT670420_NARP1_1	MT670420	NADP	NARP1	77529	81470	99538	0.7986849243504993
MT670421_NARP1_1	MT670421	NADP	NARP1	77385	81284	98649	0.804209875416882
MT670422_NARP1_1	MT670422	NADP	NARP1	77092	80991	98800	0.8000151821862348
MT740307_NARP1_1	MT740307	NADP	NARP1	75842	80269	98755	0.7903954230165561
MT995926_tad1_1	MT995926	Anti_Thoeris	tad1	100834	101526	282545	0.3581022491992426
MT995927_tad1_1	MT995927	Anti_Thoeris	tad1	100975	101667	282686	0.35842241922132684
MT995928_tad1_1	MT995928	Anti_Thoeris	tad1	100834	101526	282545	0.3581022491992426
MW057919_tad1_1	MW057919	Anti_Thoeris	tad1	85191	85883	266452	0.3210221728491436
MW175491_NARP1_1	MW175491	NADP	NARP1	77388	81401	99077	0.8013413809461328
MW390886_acrie3_2	MW390886	Anti_CRISPR	acrie3	5240	5947	37576	0.14885831381733022
MW390886_acrif4_3	MW390886	Anti_CRISPR	acrif4	5434	5947	37576	0.15143974877581434
MW526259_NARP1_1	MW526259	NADP	NARP1	74724	77550	89991	0.8460512717938461
MW748993_acrif2_c2_2	MW748993	Anti_CRISPR	acrif2_c2	20975	21476	49153	0.43182511749028546
MW748993_vcrx091_093_3	MW748993	Anti_CRISPR	vcrx091_093	30004	32303	49153	0.6338066852481029
MZ089741_ardb_klca_acric11_1	MZ089741	Anti_RM	ardb_klca_acric11	42151	42564	47028	0.9006868248702901
MZ348425_Adnd_p0020_p0021_1	MZ348425	Anti_Dnd	Adnd_p0020_p0021	43386	44189	50738	0.8630119437108281
MZ348425_acb1_2	MZ348425	Anti_CBASS	acb1	1263	3065	50738	0.04265047893097875
MZ348426_NARP1_1	MZ348426	NADP	NARP1	76676	80590	98289	0.8000183133412692
MZ444140_tad1_1	MZ444140	Anti_Thoeris	tad1	100396	101088	282239	0.3569386229401323
MZ605293_NARP1_1	MZ605293	NADP	NARP1	82634	87183	101464	0.8368337538437278
MZ826350_NARP1_1	MZ826350	NADP	NARP1	78894	82616	98534	0.8195648202650861
MZ826353_NARP1_1	MZ826353	NADP	NARP1	79246	82981	98284	0.8252970982052013
MZ868713_NARP1_1	MZ868713	NADP	NARP1	72256	76170	93869	0.7906017961201248
MZ868718_acb1_1	MZ868718	Anti_CBASS	acb1	1263	3065	51464	0.04204881081921343
OK040171_NARP1_1	OK040171	NADP	NARP1	74985	77709	94697	0.8062240620083001
OK258139_NARP1_1	OK258139	NADP	NARP1	78347	82069	97987	0.8185575637584578
OK275491_NARP1_1	OK275491	NADP	NARP1	78698	82433	97736	0.8243175493165261
OK539826_NARP1_1	OK539826	NADP	NARP1	75513	78339	92190	0.8344288968434754
OL763419_ardb_klca_acric11_1	OL763419	Anti_RM	ardb_klca_acric11	57327	57740	61238	0.9395065155622326
OM541307_acrie3_2	OM541307	Anti_CRISPR	acrie3	5107	5814	37281	0.14646871060325636
OM541307_acrif4_3	OM541307	Anti_CRISPR	acrif4	5301	5814	37281	0.14907057214130523
OM718002_tad1_1	OM718002	Anti_Thoeris	tad1	99603	100295	282685	0.35357022834603885
OM809160_ardb_klca_acric11_1	OM809160	Anti_RM	ardb_klca_acric11	57925	58335	61920	0.9387919896640827
OM870967_NARP1_1	OM870967	NADP	NARP1	71059	73885	86013	0.8425703091393162
OM870968_NARP1_1	OM870968	NADP	NARP1	70241	73067	85195	0.8410587475790833
OM870969_NARP1_1	OM870969	NADP	NARP1	75148	77974	90132	0.8494319442595305
OM870970_NARP1_1	OM870970	NADP	NARP1	74375	77201	90267	0.8395980812478536
OM982620_NARP1_1	OM982620	NADP	NARP1	79370	83126	97473	0.83354364798457
OM982621_NARP2_1	OM982621	NADP	NARP2	97465	100010	173570	0.5688627066889439
OM982621_acb1_2	OM982621	Anti_CBASS	acb1	125807	126313	173570	0.7262775825315435
ON169972_NARP1_1	ON169972	NADP	NARP1	77260	80047	94574	0.8316609216063612
ON361135_NARP1_1	ON361135	NADP	NARP1	74304	77139	88541	0.8552139686698818
ON631220_tad1_1	ON631220	Anti_Thoeris	tad1	97616	98308	281614	0.3478591263218448
ON778006_acrif7_2	ON778006	Anti_CRISPR	acrif7	44160	44562	45928	0.9658813795506009
ON778007_Adnd_p0020_p0021_1	ON778007	Anti_Dnd	Adnd_p0020_p0021	41621	42469	49925	0.842163244867301
ON778007_vcrx091_093_2	ON778007	Anti_CRISPR	vcrx091_093	33105	34901	49925	0.6810816224336504
OP310983_tad1_1	OP310983	Anti_Thoeris	tad1	96132	96824	278657	0.3462249288551876
OP310984_tad1_1	OP310984	Anti_Thoeris	tad1	93772	94464	277053	0.33971117439623466
OP599913_acb1_1	OP599913	Anti_CBASS	acb1	129161	129586	212139	0.6098525023687299
OP627531_NARP1_1	OP627531	NADP	NARP1	75616	78442	90034	0.8555545682742075
OP756059_NARP1_1	OP756059	NADP	NARP1	75646	78472	89935	0.8568299327291933
OP784575_NARP1_1	OP784575	NADP	NARP1	75491	78317	92832	0.8284212340572217
OP868670_acrif7_2	OP868670	Anti_CRISPR	acrif7	40155	40557	43884	0.9196062346185397
OP875100_NARP1_1	OP875100	NADP	NARP1	75866	78701	91210	0.8473138910207214
OP875101_NARP1_1	OP875101	NADP	NARP1	75921	78756	90889	0.8509115514528711
OP953026_tad1_1	OP953026	Anti_Thoeris	tad1	98316	99008	280292	0.351997202916958
OP966821_Adnd_p0020_p0021_1	OP966821	Anti_Dnd	Adnd_p0020_p0021	38581	39390	45574	0.8554329222802475
OQ031493_tad1_1	OQ031493	Anti_Thoeris	tad1	96628	97320	266598	0.3637461646373941
OQ164637_NARP1_1	OQ164637	NADP	NARP1	74422	77248	89345	0.8487884044994124
OQ183418_NARP1_1	OQ183418	NADP	NARP1	94648	98223	107106	0.9003743954587045
OQ183418_rad_2	OQ183418	Anti_Retron	rad	83485	84003	107106	0.7818796332605082
OQ200059_NARP1_1	OQ200059	NADP	NARP1	74916	77742	89207	0.8556391314582936
OQ210007_NARP1_1	OQ210007	NADP	NARP1	74873	77699	91717	0.8317542004208598
OQ210008_NARP1_1	OQ210008	NADP	NARP1	73401	76227	88356	0.8467336683417085
OQ225162_NARP1_1	OQ225162	NADP	NARP1	74769	77595	90296	0.8436918578896075
OQ225163_NARP1_1	OQ225163	NADP	NARP1	74877	77703	92217	0.8272878102735938
OQ319931_acb2_1	OQ319931	Anti_CBASS	acb2	21126	21407	43101	0.49341082573490175
OQ319933_NARP1_1	OQ319933	NADP	NARP1	73710	76536	90670	0.8285320392632624
OQ319936_NARP1_1	OQ319936	NADP	NARP1	74603	77438	88911	0.8550179392876022
OQ319937_NARP1_1	OQ319937	NADP	NARP1	73972	76798	90931	0.8290352025161936
OQ363659_NARP1_1	OQ363659	NADP	NARP1	70365	73139	307271	0.23351373868669675
OQ411628_NARP1_1	OQ411628	NADP	NARP1	75596	78431	93331	0.8251652719889426
OQ594955_Adnd_p0020_p0021_1	OQ594955	Anti_Dnd	Adnd_p0020_p0021	33121	33999	42122	0.7967332985138408
OQ594956_acrif23_1	OQ594956	Anti_CRISPR	acrif23	20947	21426	42817	0.4948151435177616
OQ594956_acrif24_2	OQ594956	Anti_CRISPR	acrif24	20261	20947	42817	0.4812107340542308
OQ594957_acrif3_2	OQ594957	Anti_CRISPR	acrif3	5275	6148	36952	0.15456538211734142
OQ594957_acrif5_3	OQ594957	Anti_CRISPR	acrif5	5691	6148	36952	0.16019430612686728
OQ603351_NARP1_1	OQ603351	NADP	NARP1	75770	78492	97982	0.7871956073564532
OQ721915_NARP1_1	OQ721915	NADP	NARP1	75258	78084	91955	0.8337882659996737
OQ828465_tad1_1	OQ828465	Anti_Thoeris	tad1	97079	97771	278438	0.3498983615742104
OQ850183_NARP1_1	OQ850183	NADP	NARP1	77851	80677	91636	0.8649875594744424
OQ921398_NARP1_1	OQ921398	NADP	NARP1	72701	75527	87660	0.845471138489619
OQ992553_ardb_klca_acric11_1	OQ992553	Anti_RM	ardb_klca_acric11	57457	57867	61541	0.936968850034936
OQ992554_NARP1_1	OQ992554	NADP	NARP1	74302	77137	88539	0.8552106981104373
OQ992557_ardb_klca_acric11_1	OQ992557	Anti_RM	ardb_klca_acric11	57467	57880	61363	0.9398741912879096
OQ992558.1_acb1_1	OQ992558.1	Anti_CBASS	acb1	144052	144510	166166	0.8682943562461635
OQ992558.1_acb2_2	OQ992558.1	Anti_CBASS	acb2	132563	132829	166166	0.7985749190568467
OQ992558.1_arn_3	OQ992558.1	Anti_RM	arn	64390	64668	166166	0.38834057508756303
OQ992558.1_dmd_4	OQ992558.1	Anti_TA	dmd	91382	91564	166166	0.5504916769977011
OQ992558.1_tifa_5	OQ992558.1	Anti_TA	tifa	91123	91380	166166	0.5491586726526485
OQ992561_tad1_1	OQ992561	Anti_Thoeris	tad1	96390	97082	278788	0.3469876752227499
OQ992562_tad1_1	OQ992562	Anti_Thoeris	tad1	97473	98165	280177	0.34913286957887335
OR211677_NARP1_1	OR211677	NADP	NARP1	76045	78865	91072	0.8504809381588194
OR228460_tad1_1	OR228460	Anti_Thoeris	tad1	93735	94427	277664	0.33883038492566553
OR500437_NARP1_1	OR500437	NADP	NARP1	73235	76999	93231	0.805708401711877
OR538761_ardb_klca_acric11_1	OR538761	Anti_RM	ardb_klca_acric11	57281	57694	61808	0.9300980455604453
OR575930_NARP1_1	OR575930	NADP	NARP1	80144	82955	94470	0.8632317137715677
OR577172_acb2_1	OR577172	Anti_CBASS	acb2	55783	56073	61280	0.91266318537859
OR584013_acb1_1	OR584013	Anti_CBASS	acb1	143167	143625	165281	0.8675891360773471
OR584013_acb2_2	OR584013	Anti_CBASS	acb2	131610	131876	165281	0.7970849643939715
OR584013_arn_3	OR584013	Anti_RM	arn	64050	64328	165281	0.3883628487242938
OR584013_dmd_4	OR584013	Anti_TA	dmd	91329	91511	165281	0.5531186282754824
OR584013_tifa_5	OR584013	Anti_TA	tifa	91070	91327	165281	0.5517784863353925
OR584014_atd1_1	OR584014	Anti_Thoeris	atd1	59452	59703	151196	0.39404150903463053
OR608733_tad1_1	OR608733	Anti_Thoeris	tad1	96223	96915	277712	0.3477307426398571
OR608734_tad1_1	OR608734	Anti_Thoeris	tad1	96146	96838	277712	0.34745347698334966
OR608735_tad1_1	OR608735	Anti_Thoeris	tad1	96146	96838	277349	0.3479082311455963
OR608736_tad1_1	OR608736	Anti_Thoeris	tad1	95962	96654	277451	0.3471171486136291
OR683402_acrie1_2	OR683402	Anti_CRISPR	acrie1	5240	6438	37988	0.15370643361061387
OR683402_acrif3_3	OR683402	Anti_CRISPR	acrif3	5565	6438	37988	0.15798410024218174
OR683402_acrif5_4	OR683402	Anti_CRISPR	acrif5	5981	6438	37988	0.1634595135305886
OR683409_Adnd_p0020_p0021_1	OR683409	Anti_Dnd	Adnd_p0020_p0021	38244	39053	44123	0.8759263875983048
OR683413_acb2_1	OR683413	Anti_CBASS	acb2	8030	8356	38721	0.21159060974664912
OR805291_ardb_klca_acric11_1	OR805291	Anti_RM	ardb_klca_acric11	57694	58104	61685	0.9386236524276567
OR858750_NARP1_1	OR858750	NADP	NARP1	76101	78927	90534	0.8561866260189542
OR941787_NARP1_1	OR941787	NADP	NARP1	76069	78895	90300	0.8580509413067553
OU343167_NARP1_1	OU343167	NADP	NARP1	64026	66696	302469	0.2160915664084584
OU343167_tad1_2	OU343167	Anti_Thoeris	tad1	108596	109177	302469	0.3599922636699959
OU343168_acb1_1	OU343168	Anti_CBASS	acb1	127935	128360	211784	0.6050858421788237
PP003916_acrif3_2	PP003916	Anti_CRISPR	acrif3	5231	5871	36359	0.15267196567562363
PP003918_Adnd_p0020_p0021_1	PP003918	Anti_Dnd	Adnd_p0020_p0021	35036	36094	43555	0.8165537825737573
PP003920_Adnd_p0020_p0021_1	PP003920	Anti_Dnd	Adnd_p0020_p0021	32759	33817	41110	0.8097299927025055
PP003921_Adnd_p0020_p0021_1	PP003921	Anti_Dnd	Adnd_p0020_p0021	41549	42358	49731	0.8436086143451771
PP003923_acb2_1	PP003923	Anti_CBASS	acb2	8018	8344	39028	0.2096187352669878
PP067092_Adnd_p0020_p0021_1	PP067092	Anti_Dnd	Adnd_p0020_p0021	43850	44659	50601	0.8745775775182308
PP083313_acb1_1	PP083313	Anti_CBASS	acb1	1263	3065	51089	0.042357454637984696
PP179310_NARP1_1	PP179310	NADP	NARP1	82073	86246	101055	0.832808866458859
PP179311_NARP1_1	PP179311	NADP	NARP1	82073	86246	99323	0.8473314338068725
PP179334_Adnd_p0020_p0021_1	PP179334	Anti_Dnd	Adnd_p0020_p0021	47482	48285	57368	0.8346726397991912
PP203289_NARP1_1	PP203289	NADP	NARP1	80365	84088	95863	0.857750122570752
PP203294_NARP1_1	PP203294	NADP	NARP1	74091	76917	91723	0.8231741220849732
PP408251_ardb_klca_acric11_1	PP408251	Anti_RM	ardb_klca_acric11	57423	57836	62149	0.9272796022462148
PP408252_ardb_klca_acric11_1	PP408252	Anti_RM	ardb_klca_acric11	57723	58136	61629	0.9399714420159341
PP408253_ardb_klca_acric11_1	PP408253	Anti_RM	ardb_klca_acric11	56311	56724	60362	0.9363092674199
PP408254_ardb_klca_acric11_1	PP408254	Anti_RM	ardb_klca_acric11	58460	58873	62354	0.9408618532892837
PP456877_tad1_1	PP456877	Anti_Thoeris	tad1	97809	98501	280092	0.3504384273738629
PP456878_tad1_1	PP456878	Anti_Thoeris	tad1	97430	98122	278782	0.3507256566062371
PP456879_tad1_1	PP456879	Anti_Thoeris	tad1	98189	98881	280034	0.3518679874586657
PP485037_ardb_klca_acric11_1	PP485037	Anti_RM	ardb_klca_acric11	54972	55382	59505	0.9272666162507353
PP496413_NARP1_1	PP496413	NADP	NARP1	77990	80703	96494	0.8222946504445873
PP496414_NARP1_1	PP496414	NADP	NARP1	78895	81802	97198	0.8266476676474824
PP496415_NARP1_1	PP496415	NADP	NARP1	76727	79634	95558	0.818147093911551
PP496416_NARP1_1	PP496416	NADP	NARP1	78046	80953	97188	0.8179970778285385
PP496417_NARP1_1	PP496417	NADP	NARP1	78012	80919	95858	0.8289918420997726
PP496436_acb1_1	PP496436	Anti_CBASS	acb1	124124	124690	201177	0.6183957410638393
PP496437_acb1_1	PP496437	Anti_CBASS	acb1	123590	124156	199503	0.6209079562713342
PP496438_acb1_1	PP496438	Anti_CBASS	acb1	124680	125246	202021	0.6185644066705936
PP496439_acb1_1	PP496439	Anti_CBASS	acb1	124693	125259	202197	0.6180902782929519
PP496440_acb1_1	PP496440	Anti_CBASS	acb1	122921	123487	201087	0.6126900296886423
PP496441_acb1_1	PP496441	Anti_CBASS	acb1	124967	125533	202631	0.6181186491701665
PP496442_acb1_1	PP496442	Anti_CBASS	acb1	122632	123198	200783	0.6121783218698794
PP496443_acb1_1	PP496443	Anti_CBASS	acb1	123504	124070	201029	0.6157668794054589
PP496444_acb1_1	PP496444	Anti_CBASS	acb1	124866	125432	200263	0.6249232259578654
PP541513_NARP1_1	PP541513	NADP	NARP1	77205	80040	91501	0.8592529043398432
PP551948_NARP1_1	PP551948	NADP	NARP1	76556	80226	98424	0.796462244980899
PP596840_ardb_klca_acric11_1	PP596840	Anti_RM	ardb_klca_acric11	58008	58418	61931	0.9399654454150587
PP661415_ardb_klca_acric11_1	PP661415	Anti_RM	ardb_klca_acric11	57552	57962	61450	0.9399023596419853
PP661416_ardb_klca_acric11_1	PP661416	Anti_RM	ardb_klca_acric11	57998	58408	61751	0.9425434405920552
PP661417_ardb_klca_acric11_1	PP661417	Anti_RM	ardb_klca_acric11	57725	58135	62258	0.9304828295158855
PP661418_ardb_klca_acric11_1	PP661418	Anti_RM	ardb_klca_acric11	56405	56815	60938	0.9289769930092882
PP712940_NARP1_1	PP712940	NADP	NARP1	75371	78206	90324	0.8501450334351889
PP740689_Adnd_p0020_p0021_1	PP740689	Anti_Dnd	Adnd_p0020_p0021	42287	43369	49811	0.8598100821103772
PP760143_ardb_klca_acric11_1	PP760143	Anti_RM	ardb_klca_acric11	57680	58090	61931	0.9346692286576997
PP766723_NARP1_1	PP766723	NADP	NARP1	75135	77961	92089	0.8312393445471229
PP782352_ardb_klca_acric11_1	PP782352	Anti_RM	ardb_klca_acric11	57887	58300	61019	0.952055917009456
PP793740_tad1_1	PP793740	Anti_Thoeris	tad1	96617	97309	278701	0.34791048471300784
PP813861_tad1_1	PP813861	Anti_Thoeris	tad1	93408	94100	276178	0.33946947258652027
PP813865_acrif7_2	PP813865	Anti_CRISPR	acrif7	5120	5534	36778	0.14484202512371527
PP813866_ardb_klca_acric11_1	PP813866	Anti_RM	ardb_klca_acric11	57963	58373	62271	0.9341105811694047
PP836135_NARP1_1	PP836135	NADP	NARP1	77003	79829	91299	0.8588922113057098
PP836136_NARP1_1	PP836136	NADP	NARP1	76620	79446	90916	0.858297769369528
PP836137_acrif2_c2_2	PP836137	Anti_CRISPR	acrif2_c2	5240	5905	38066	0.14639047969316452
PP836137_mom_3	PP836137	Anti_RM	mom	23952	24722	38066	0.639336941102296
PP944330_ardb_klca_acric11_1	PP944330	Anti_RM	ardb_klca_acric11	57397	57810	61336	0.939146667536194
PP968062_NARP1_1	PP968062	NADP	NARP1	63698	66368	302631	0.2148920632717732
PP968062_tad1_2	PP968062	Anti_Thoeris	tad1	104844	105425	302631	0.34740162111614475
PQ015378_NARP1_1	PQ015378	NADP	NARP1	65517	68308	302411	0.2212634461048044
PQ093904_tad1_1	PQ093904	Anti_Thoeris	tad1	100834	101526	282545	0.3581022491992426
PQ144889_ardb_klca_acric11_1	PQ144889	Anti_RM	ardb_klca_acric11	57966	58376	61862	0.9403349390579031
PQ227241_tad1_1	PQ227241	Anti_Thoeris	tad1	94300	94992	275975	0.3429513542893378
PQ287280_acrif3_2	PQ287280	Anti_CRISPR	acrif3	5108	5748	36834	0.14736384861812457
PQ287282_acrif1_1	PQ287282	Anti_CRISPR	acrif1	43289	43525	45138	0.9616509371261465
PQ287642_NARP1_1	PQ287642	NADP	NARP1	62459	65129	302010	0.21123141617827224
PQ287642_tad1_2	PQ287642	Anti_Thoeris	tad1	107411	107992	302010	0.35661567497764973
PQ287644_acb1_1	PQ287644	Anti_CBASS	acb1	127140	127565	211618	0.6018037218006029
PQ287649_acb1_1	PQ287649	Anti_CBASS	acb1	127158	127583	210751	0.6043648665961253
PQ287651_NARP1_1	PQ287651	NADP	NARP1	71503	74332	88474	0.8241686823247508
PQ287655_NARP1_1	PQ287655	NADP	NARP1	75079	77905	90912	0.8413850756775784
PQ288046_NARP1_1	PQ288046	NADP	NARP1	77176	80107	95966	0.8194725215180376
PQ349087_acb2_1	PQ349087	Anti_CBASS	acb2	8465	8752	40243	0.21391297865467288
PQ415073_acrif2_c2_2	PQ415073	Anti_CRISPR	acrif2_c2	5240	5905	37570	0.14832313015704018
PQ415073_mom_3	PQ415073	Anti_RM	mom	23952	24722	37570	0.6477774820335374
PQ429081_NARP1_1	PQ429081	NADP	NARP1	75131	77957	91828	0.8335583917759289
PQ449026_acrif3_2	PQ449026	Anti_CRISPR	acrif3	5240	6110	38006	0.14931852865337053
PQ449026_acrif5_3	PQ449026	Anti_CRISPR	acrif5	5653	6110	38006	0.15475188128190287
PQ464592_NARP1_1	PQ464592	NADP	NARP1	77542	80694	92075	0.8592777626934565
PQ464597_NARP2_1	PQ464597	NADP	NARP2	98401	100949	174858	0.5700339704217137
PQ464597_acb1_2	PQ464597	Anti_CBASS	acb1	126744	127250	174858	0.7262864724519325
PQ466444_acrif1_2	PQ466444	Anti_CRISPR	acrif1	5107	5554	36570	0.14576155318567133
PQ466445_acrif1_2	PQ466445	Anti_CRISPR	acrif1	5107	5554	37632	0.14164806547619047
PQ474299_ardb_klca_acric11_1	PQ474299	Anti_RM	ardb_klca_acric11	57336	57749	61424	0.9368080880437614
PQ493639.1_NARP1_1	PQ493639.1	NADP	NARP1	75375	78210	90896	0.8448391568385848
PQ493642.1_tad1_1	PQ493642.1	Anti_Thoeris	tad1	96608	97300	278615	0.34798557148753656
PQ516283_acb1_1	PQ516283	Anti_CBASS	acb1	156867	157292	184376	0.8519519894129388
PQ533653_acrif3_2	PQ533653	Anti_CRISPR	acrif3	5401	6274	37249	0.15671561652661817
PQ533653_acrif5_3	PQ533653	Anti_CRISPR	acrif5	5817	6274	37249	0.1622996590512497
PQ533654_acrif1_2	PQ533654	Anti_CRISPR	acrif1	5107	5554	37349	0.14272135800155292
PQ533655_acrie3_2	PQ533655	Anti_CRISPR	acrie3	5114	5821	37891	0.14429547913752605
PQ533655_acrif4_3	PQ533655	Anti_CRISPR	acrif4	5308	5821	37891	0.14685545380169435
PQ533656_acrif3_2	PQ533656	Anti_CRISPR	acrif3	5401	6274	37781	0.15450888012493053
PQ533656_acrif5_3	PQ533656	Anti_CRISPR	acrif5	5817	6274	37781	0.16001429289854688
PQ533657_acrie2_2	PQ533657	Anti_CRISPR	acrie2	5115	6063	37963	0.14722229539288254
PQ533657_acrif3_3	PQ533657	Anti_CRISPR	acrif3	5426	6063	37963	0.1513183889576693
PQ533658_acrie3_2	PQ533658	Anti_CRISPR	acrie3	5107	5814	80550	0.06779019242706394
PQ533658_acrif4_3	PQ533658	Anti_CRISPR	acrif4	5301	5814	80550	0.06899441340782123
PQ533659_acrie2_2	PQ533659	Anti_CRISPR	acrie2	22994	23942	78827	0.2977152498509394
PQ533659_acrif3_3	PQ533659	Anti_CRISPR	acrif3	23305	23942	78827	0.2996879241884126
PQ533660_acrif2_c2_2	PQ533660	Anti_CRISPR	acrif2_c2	5240	5905	38097	0.14627135994960233
PQ533661_acrie2_2	PQ533661	Anti_CRISPR	acrie2	5232	6183	36763	0.15525120365584963
PQ533661_acrif3_3	PQ533661	Anti_CRISPR	acrif3	5543	6183	36763	0.1594809999183962
PQ533662_acrif3_2	PQ533662	Anti_CRISPR	acrif3	5231	5871	79299	0.07000088273496513
PQ533663_acrif3_2	PQ533663	Anti_CRISPR	acrif3	5401	6274	37435	0.1559369573928142
PQ533663_acrif5_3	PQ533663	Anti_CRISPR	acrif5	5817	6274	37435	0.1614932549752905
PQ533664_acb2_1	PQ533664	Anti_CBASS	acb2	8018	8344	39824	0.20542888710325433
PQ533665_acrif3_2	PQ533665	Anti_CRISPR	acrif3	5401	6274	37849	0.15423128748447779
PQ533665_acrif5_3	PQ533665	Anti_CRISPR	acrif5	5817	6274	37849	0.15972680916272558
PQ533666_acrif7_2	PQ533666	Anti_CRISPR	acrif7	5120	5534	37006	0.14394962978976383
PQ533670_acrif3_2	PQ533670	Anti_CRISPR	acrif3	5401	6274	37215	0.15685879349724574
PQ533670_acrif5_3	PQ533670	Anti_CRISPR	acrif5	5817	6274	37215	0.16244793765954588
PQ569625.1_Adnd_p0020_p0021_1	PQ569625.1	Anti_Dnd	Adnd_p0020_p0021	36306	37106	45298	0.8103227515563601
PQ571159_acrif3_2	PQ571159	Anti_CRISPR	acrif3	5107	5747	37832	0.14344998942694015
PQ571160_acrif2_c2_2	PQ571160	Anti_CRISPR	acrif2_c2	5120	5785	37234	0.14643873878713004
PQ628080_acb2_1	PQ628080	Anti_CBASS	acb2	21126	21407	43425	0.4897294185377087
PQ628237.3_ardb_klca_acric11_1	PQ628237.3	Anti_RM	ardb_klca_acric11	58275	58688	61661	0.9484358022088516
PQ628237_ardb_klca_acric11_1	PQ628237	Anti_RM	ardb_klca_acric11	52537	52950	55923	0.943145038713946
PQ632788.4_ardb_klca_acric11_1	PQ632788.4	Anti_RM	ardb_klca_acric11	57685	58098	61615	0.9395682869431145
PQ632788_ardb_klca_acric11_1	PQ632788	Anti_RM	ardb_klca_acric11	49350	49763	53251	0.9306210212014798
PQ656807_NARP1_1	PQ656807	NADP	NARP1	74588	77414	89865	0.8457241417682079
PQ741806_tad1_1	PQ741806	Anti_Thoeris	tad1	96993	97685	278267	0.34980432462347316
PQ758385_tad1_1	PQ758385	Anti_Thoeris	tad1	95961	96653	277450	0.3471147954586412
PQ758386_tad1_1	PQ758386	Anti_Thoeris	tad1	96060	96752	277550	0.3473464240677355
PQ758387_NARP1_1	PQ758387	NADP	NARP1	74446	77272	92110	0.8235696449896862
PQ758392_acrif1_2	PQ758392	Anti_CRISPR	acrif1	5107	5554	36906	0.14443450929388174
PQ788408_Adnd_p0020_p0021_2	PQ788408	Anti_Dnd	Adnd_p0020_p0021	38699	39508	46814	0.8352949972230529
PQ788408_acric3_3	PQ788408	Anti_CRISPR	acric3	21109	21795	46814	0.4582389883368223
PQ788408_acric4_4	PQ788408	Anti_CRISPR	acric4	21109	21493	46814	0.4550134575127099
PQ859844_NARP1_1	PQ859844	NADP	NARP1	75277	78103	90200	0.8502217294900222
PV029745.1_NARP1_1	PV029745.1	NADP	NARP1	63480	66150	300492	0.21569625813665588
PV029745.1_tad1_2	PV029745.1	Anti_Thoeris	tad1	105716	106297	300492	0.3527764466275308
PV031332_ardb_klca_acric11_1	PV031332	Anti_RM	ardb_klca_acric11	57713	58126	61984	0.9344266262261228
PV105456_NARP1_1	PV105456	NADP	NARP1	74110	76936	89078	0.8478299916926738
PV400809_acb1_1	PV400809	Anti_CBASS	acb1	124926	125351	209613	0.5969978007089255
PV400810_acb1_1	PV400810	Anti_CBASS	acb1	124926	125351	209613	0.5969978007089255
PV425003_acrie2_2	PV425003	Anti_CRISPR	acrie2	5108	6059	67335	0.08292121482141532
PV425003_acrif3_3	PV425003	Anti_CRISPR	acrif3	5419	6059	67335	0.0852305635999109
PV426651.1_ardb_klca_acric11_1	PV426651.1	Anti_RM	ardb_klca_acric11	57779	58192	61673	0.9402088434160816
PV446631.1_ardb_klca_acric11_1	PV446631.1	Anti_RM	ardb_klca_acric11	57794	58207	61572	0.941994737867862
PV446632.1_NARP2_1	PV446632.1	NADP	NARP2	92236	94774	176190	0.5307054883932119
PV446632.1_acb1_2	PV446632.1	Anti_CBASS	acb1	123146	123652	176190	0.7003745956070152
PV446632.1_tad2_acriia7_3	PV446632.1	Anti_Thoeris	tad2_acriia7	10388	10654	176190	0.059713945172824794
PV446634.1_acb2_1	PV446634.1	Anti_CBASS	acb2	21104	21385	43287	0.49078245200637605
PV446635.1_ardb_klca_acric11_1	PV446635.1	Anti_RM	ardb_klca_acric11	56419	56832	60470	0.9364230196791797
PV464116_NARP1_1	PV464116	NADP	NARP1	75171	77997	90122	0.8497814074254899
PV469300_NARP1_1	PV469300	NADP	NARP1	75993	78819	90335	0.8568771793878341
PV472050_acb1_1	PV472050	Anti_CBASS	acb1	126694	127119	209728	0.605100415776625
PV565008_tad1_1	PV565008	Anti_Thoeris	tad1	95480	96172	277443	0.3453898638639288
PV574404_NARP1_1	PV574404	NADP	NARP1	75433	78268	90626	0.847996160042372
PV574405_NARP1_1	PV574405	NADP	NARP1	75574	78409	90626	0.8495520049433938
PV574406_NARP1_1	PV574406	NADP	NARP1	75574	78409	90627	0.8495426307833206
PV654520_acb1_1	PV654520	Anti_CBASS	acb1	119739	120197	142417	0.8423713461173876
PV654520_acb2_2	PV654520	Anti_CBASS	acb2	109275	109541	142417	0.7682228947386899
PV654520_adfa_3	PV654520	Anti_DarTG	adfa	66936	67562	142417	0.472197841549815
PV654520_dmd_4	PV654520	Anti_TA	dmd	68175	68357	142417	0.4793388429752066
PV654520_tifa_5	PV654520	Anti_TA	tifa	67916	68173	142417	0.4777835511210038
PV714129.1_acb1_1	PV714129.1	Anti_CBASS	acb1	147792	148247	170011	0.8706466052196623
PV714129.1_acb2_2	PV714129.1	Anti_CBASS	acb2	132248	132514	170011	0.7786613807341878
PV714129.1_adfa_3	PV714129.1	Anti_DarTG	adfa	88250	88900	170011	0.5209957002782173
PV714129.1_alt_4	PV714129.1	Anti_TA	alt	25865	27952	170011	0.15827505279070178
PV714129.1_dmd_5	PV714129.1	Anti_TA	dmd	90150	90353	170011	0.5308568269111998
PV714129.1_ipi_6	PV714129.1	Anti_RM	ipi	147427	147714	170011	0.8680055996376705
PV752213.1_NARP1_1	PV752213.1	NADP	NARP1	74784	77610	91689	0.8310375290383797
PV754031_tad1_1	PV754031	Anti_Thoeris	tad1	96050	96742	278242	0.346446618411311
PV759139.1_acrif2_c2_2	PV759139.1	Anti_CRISPR	acrif2_c2	5240	5905	21532	0.2588008545420769
PV764647.1_NARP1_1	PV764647.1	NADP	NARP1	76463	79289	90763	0.8580148298315393
PV800129_NARP1_1	PV800129	NADP	NARP1	76791	79617	93806	0.8336780163315779
PV844354.2_ardb_klca_acric11_1	PV844354.2	Anti_RM	ardb_klca_acric11	58109	58522	62011	0.9404057344664656
PV844380.1_NARP1_1	PV844380.1	NADP	NARP1	74932	77758	89171	0.8561639995065661
PV845595_acb2_1	PV845595	Anti_CBASS	acb2	21126	21407	43144	0.4929190617467087
PV976809.1_tad1_1	PV976809.1	Anti_Thoeris	tad1	96019	96711	280312	0.3437776477639202
PX283077.1_NARP1_1	PX283077.1	NADP	NARP1	72681	75501	87095	0.8506917733509386
PX283079.1_NARP1_1	PX283079.1	NADP	NARP1	72623	75443	87037	0.8505922768477774
PX283080.1_NARP1_1	PX283080.1	NADP	NARP1	72681	75501	87095	0.8506917733509386
PX283082.1_NARP1_1	PX283082.1	NADP	NARP1	72624	75444	87038	0.8505939934281578
PX283088.1_acrie3_2	PX283088.1	Anti_CRISPR	acrie3	4495	5202	22786	0.2127841657157904
PX283088.1_acrif4_3	PX283088.1	Anti_CRISPR	acrif4	4689	5202	22786	0.2170411656280172
PX283097.1_Adnd_p0020_p0021_1	PX283097.1	Anti_Dnd	Adnd_p0020_p0021	8634	9482	16938	0.5347738812138387
PX395730.1_acb2_1	PX395730.1	Anti_CBASS	acb2	21126	21407	43217	0.492086447462804
PX418925.1_tad1_1	PX418925.1	Anti_Thoeris	tad1	101945	102637	282877	0.36160946277003786
PX433293.1_acb2_1	PX433293.1	Anti_CBASS	acb2	21125	21406	43141	0.4929301592452655
PX514239.1_NARP1_1	PX514239.1	NADP	NARP1	75356	78182	90435	0.8488859401780284
PX583109.1_tad1_1	PX583109.1	Anti_Thoeris	tad1	97365	98057	156154	0.6257348514927572
PX583559.1_ardb_klca_acric11_1	PX583559.1	Anti_RM	ardb_klca_acric11	57326	57739	61999	0.9279585154599268
PX585177.1_tad1_1	PX585177.1	Anti_Thoeris	tad1	93321	93713	276729	0.3379371153728015
PX670425.1_ardb_klca_acric11_1	PX670425.1	Anti_RM	ardb_klca_acric11	56503	56913	61405	0.9235078576663138
PX673862.1_NARP1_1	PX673862.1	NADP	NARP1	361127	363953	378076	0.9589077328367841
PX677422.1_acrie3_2	PX677422.1	Anti_CRISPR	acrie3	18731	19145	47695	0.3970646818324772
PX725670.1_NARP1_1	PX725670.1	NADP	NARP1	75234	78060	92611	0.8276230685339755
PX789324.1_ardb_klca_acric11_1	PX789324.1	Anti_RM	ardb_klca_acric11	55782	56192	58804	0.9520950955717298
PX852245.1_vcrx091_093_1	PX852245.1	Anti_CRISPR	vcrx091_093	51215	54080	64081	0.8215773786301712
PX866597.1_apyc1_1	PX866597.1	Anti_Pycsar	apyc1	85995	86765	153161	0.5639816924674036
PX866597.1_tad1_2	PX866597.1	Anti_Thoeris	tad1	77482	77850	153161	0.5070873133500042
PX866601.1_apyc1_1	PX866601.1	Anti_Pycsar	apyc1	87722	88495	154864	0.5689411354478768
PX866601.1_had1_2	PX866601.1	Anti_Hachiman	had1	39349	39510	154864	0.25460726831284225
PX866601.1_tad1_3	PX866601.1	Anti_Thoeris	tad1	79394	79762	154864	0.5138573199710714
PX884079.1_tad1_1	PX884079.1	Anti_Thoeris	tad1	97105	97797	280068	0.3479547824099861
PX963123.1_acb1_2	PX963123.1	Anti_CBASS	acb1	1287	3095	50081	0.04374912641520736
PX963123.1_acrif23_3	PX963123.1	Anti_CRISPR	acrif23	22983	25019	50081	0.4792436253269703
PX963123.1_acrif24_4	PX963123.1	Anti_CRISPR	acrif24	22983	24540	50081	0.4744613725764262
PZ005745.1_tad1_1	PZ005745.1	Anti_Thoeris	tad1	99695	100387	280741	0.35634624084120237
PZ122515.1_acrie3_2	PZ122515.1	Anti_CRISPR	acrie3	5240	5947	37399	0.1495628225353619
PZ122515.1_acrif4_3	PZ122515.1	Anti_CRISPR	acrif4	5434	5947	37399	0.15215647477205274
PZ122515.1_mom_4	PZ122515.1	Anti_RM	mom	23994	24764	37399	0.6518623492606754
PZ122516.1_NARP1_1	PZ122516.1	NADP	NARP1	74766	77592	91315	0.8342441000930844
